Basin,Y_measured,Y_predicted,CI_lower,CI_upper,Depth
Atlantic,2156.38,2128.288087196839,2128.085843907864,2128.457499131163,3.0
Atlantic,2155.85,2126.838113232629,2126.638001579637,2127.007072277797,9.0
Atlantic,2155.42,2127.948046465443,2127.742963981469,2128.1197890022436,21.0
Atlantic,2157.39,2127.6805189551164,2127.478179915651,2127.8504039377353,52.0
Atlantic,2156.3,2126.9607672974053,2126.7631192553004,2127.1277357143754,101.0
Atlantic,2155.57,2125.000314848638,2124.8110756402107,2125.1625460659493,152.0
Atlantic,2156.95,2127.6406850341104,2127.438518985438,2127.810459602864,199.0
Atlantic,2155.79,2127.4743435875284,2127.2707043117102,2127.6453640123786,400.0
Atlantic,2171.3,2125.7229791504324,2125.526103896729,2125.8892758800544,601.0
Atlantic,2174.54,2156.0841569504137,2155.9089408555374,2156.2492153244657,802.0
Atlantic,2158.49,2124.329930738516,2124.143263644015,2124.491411240453,1.0
Atlantic,2156.13,2127.1297935570587,2126.9460575486605,2127.2890746690305,18.0
Atlantic,2156.06,2126.2689615956097,2126.0839588665276,2126.427881666168,51.0
Atlantic,2157.1,2126.8214583400936,2126.636002079892,2126.980708093989,102.0
Atlantic,2159.04,2129.9228680162473,2129.7415612085842,2130.0817866954176,150.0
Atlantic,2160.62,2129.3320461875664,2129.1476058322596,2129.491426462298,400.0
Atlantic,2162.86,2142.1691871533035,2141.974475618751,2142.3368323844334,600.0
Atlantic,2168.71,2155.0659736633806,2154.9038161614894,2155.2185128267606,800.0
Atlantic,2168.84,2159.753185192182,2159.613919879357,2159.890557586057,1018.0
Atlantic,2108.94,2096.925481002388,2096.7380507019375,2097.129484317856,19.0
Atlantic,2146.38,2118.9574183231557,2118.7489505672597,2119.135577792138,50.0
Atlantic,2158.93,2125.3682518129117,2125.1631956892525,2125.5423054815155,99.0
Atlantic,2159.75,2126.5757742372066,2126.369621038593,2126.7490447633177,150.0
Atlantic,2160.55,2130.1451455124957,2129.931544163863,2130.3272625989216,200.0
Atlantic,2162.99,2136.475562461635,2136.252854758275,2136.6650917116003,399.0
Atlantic,2168.8,2146.1104648422697,2145.9099053240293,2146.286925360819,599.0
Atlantic,2171.25,2150.3453528443997,2150.1638878258186,2150.5090601246443,799.0
Atlantic,2171.8,2158.8109330388315,2158.666619009111,2158.9482045527798,1016.0
Atlantic,2160.52,2127.766695690125,2127.5713294071556,2127.9317138831175,2.0
Atlantic,2160.29,2127.1046515934586,2126.9103468937255,2127.2695398231235,10.0
Atlantic,2159.42,2129.013839936351,2128.8116522797604,2129.1828837642124,19.0
Atlantic,2158.78,2127.5763042077515,2127.379465395867,2127.742598228386,48.0
Atlantic,2159.49,2126.474740881905,2126.2829352701624,2126.638377714366,101.0
Atlantic,2159.96,2128.445997725911,2128.2477584152252,2128.6121990550237,147.0
Atlantic,2158.32,2124.7870773851323,2124.5973268698103,2124.9444885434114,198.0
Atlantic,2163.71,2134.0208704995803,2133.81788308051,2134.1972411071665,401.0
Atlantic,2171.54,2149.83498661551,2149.6594930283823,2149.9971435563675,601.0
Atlantic,2170.03,2152.2417446394543,2152.0714518544314,2152.3959260445076,801.0
Atlantic,2169.23,2156.843055207085,2156.6996785365436,2156.986976554764,1001.0
Atlantic,2149.54,2106.493368635607,2106.326946853806,2106.647232978181,1.0
Atlantic,2147.67,2106.7651137279054,2106.597555805438,2106.9202796565833,11.0
Atlantic,2148.0,2107.5715216972794,2107.400612455009,2107.73019000161,20.0
Atlantic,2155.11,2117.970664708909,2117.779354771738,2118.125296443038,51.0
Atlantic,2155.18,2120.5771829291384,2120.385064576166,2120.73880957431,101.0
Atlantic,2156.28,2120.3865127458685,2120.1946854371986,2120.5459517418617,151.0
Atlantic,2154.84,2122.7572905625407,2122.5651401110863,2122.923866276134,200.0
Atlantic,2162.22,2132.131534450906,2131.9199422640554,2132.3102570868396,400.0
Atlantic,2166.47,2142.6641761981405,2142.474540068549,2142.836243570827,801.0
Atlantic,2170.9,2155.723808235969,2155.5756513159035,2155.8691861938073,1006.0
Atlantic,2074.54,2068.3332949400333,2067.9930845412523,2068.660500705876,1.0
Atlantic,2062.61,2067.3766514831386,2067.0245495581107,2067.710857516392,9.0
Atlantic,2080.93,2075.9861157539694,2075.723100128411,2076.2732160778646,19.0
Atlantic,2140.97,2111.6187202233973,2111.3904075302767,2111.855108568663,49.0
Atlantic,2160.13,2126.876342772641,2126.654974782205,2127.0638531499853,99.0
Atlantic,2158.2,2127.0921158473716,2126.87667078679,2127.269314968786,148.0
Atlantic,2160.24,2128.3612860591365,2128.1452972406855,2128.53856132079,200.0
Atlantic,2162.77,2133.023738595422,2132.812992637734,2133.1995678407843,399.0
Atlantic,2167.03,2140.03972962733,2139.842902264426,2140.2175900240923,599.0
Atlantic,2169.98,2149.67978941875,2149.5050966019235,2149.841355023427,798.0
Atlantic,2169.38,2156.222882397183,2156.072933863488,2156.363148717775,1009.0
Atlantic,2119.19,2096.346564699106,2096.126224003376,2096.586338811234,1.0
Atlantic,2118.25,2096.2862066258076,2096.059027663401,2096.5308996250888,10.0
Atlantic,2118.41,2095.6088563421426,2095.388780531165,2095.8434896115587,20.0
Atlantic,2120.03,2101.9395189611314,2101.697576689952,2102.1984467037223,50.0
Atlantic,2162.74,2125.548635235102,2125.318941091967,2125.7552436903593,101.0
Atlantic,2161.52,2128.141740188873,2127.9163402266745,2128.3320228235843,152.0
Atlantic,2160.02,2128.3688516163193,2128.1429086155085,2128.557569891019,198.0
Atlantic,2166.03,2132.776500073652,2132.5535191195577,2132.962990947359,400.0
Atlantic,2170.99,2148.3020298350643,2148.1070947228486,2148.479742309144,600.0
Atlantic,2172.04,2152.2697600246734,2152.0972356617367,2152.4287080665226,799.0
Atlantic,2166.55,2157.049671106011,2156.9028015462127,2157.190165321747,997.0
Atlantic,2155.8,2122.8224956876497,2122.618209933812,2123.00918323316,1.0
Atlantic,2157.25,2122.2749603117895,2122.0680344010434,2122.462090011785,12.0
Atlantic,2156.19,2122.451390066708,2122.2424025804876,2122.6404410682967,17.0
Atlantic,2155.63,2121.1724661067874,2120.972034319512,2121.3506284489204,47.0
Atlantic,2155.99,2120.3114268633412,2120.1119382534052,2120.4860036584437,98.0
Atlantic,2156.01,2120.2311434077474,2120.0290747846425,2120.4091426455784,150.0
Atlantic,2152.21,2120.919540688418,2120.7175531137814,2121.0995104930626,201.0
Atlantic,2158.93,2125.5942174273823,2125.3820065570544,2125.781328605479,401.0
Atlantic,2170.46,2142.799071076359,2142.592514429,2142.988015770902,602.0
Atlantic,2174.72,2151.624278689759,2151.4451356985455,2151.786983051,802.0
Atlantic,2172.87,2155.4713267114034,2155.314624462433,2155.6168785981176,982.0
Atlantic,2149.31,2110.796445668669,2110.616725970408,2110.9639840560317,0.0
Atlantic,2148.15,2110.2489172661585,2110.071208051327,2110.4153992590523,11.0
Atlantic,2149.11,2111.4980122528154,2111.31573920415,2111.668453025138,21.0
Atlantic,2150.4,2111.0884058026877,2110.9077936861518,2111.2558143343213,52.0
Atlantic,2157.03,2115.3662474378707,2115.1730606260767,2115.542456012816,102.0
Atlantic,2153.36,2122.244453706053,2122.0445277107433,2122.4241620432012,150.0
Atlantic,2155.09,2122.803211174303,2122.6037178290817,2122.982072300987,202.0
Atlantic,2153.36,2137.8935628354975,2137.6874348877914,2138.072277949769,401.0
Atlantic,2160.48,2140.9903204368397,2140.7937014688746,2141.168099189988,600.0
Atlantic,2159.53,2151.0409056427043,2150.867667454872,2151.1991829957465,800.0
Atlantic,2164.21,2154.5742970124134,2154.4249685201644,2154.719490804786,1013.0
Atlantic,2080.11,2066.363245858357,2065.9884526461437,2066.716260194459,1.0
Atlantic,2101.02,2078.420479899578,2078.1611708216624,2078.704296586415,20.0
Atlantic,2148.98,2111.326617991612,2111.0984325121403,2111.5575008014416,50.0
Atlantic,2156.92,2119.1380037877325,2118.912807381244,2119.357381475457,101.0
Atlantic,2157.5,2120.6291894359742,2120.408112274663,2120.8297793160436,150.0
Atlantic,2156.54,2124.455931475003,2124.2321778298683,2124.6539082618333,200.0
Atlantic,2164.24,2134.635772097246,2134.407672041894,2134.827990328872,400.0
Atlantic,2171.56,2153.3484289912053,2153.1916361373856,2153.49475819744,1004.0
Atlantic,2105.79,2092.8559863894548,2092.606165736769,2093.1278999556303,3.0
Atlantic,2105.16,2093.1001990260193,2092.8504512384457,2093.3721052414,11.0
Atlantic,2106.3,2092.436963197724,2092.18700822336,2092.7089640693434,22.0
Atlantic,2141.33,2110.316828468089,2110.0589403066197,2110.58813511186,50.0
Atlantic,2156.96,2122.129669975259,2121.876748638904,2122.3794350848807,100.0
Atlantic,2159.04,2122.0028983770767,2121.768488075758,2122.212921392884,151.0
Atlantic,2158.46,2125.1747169626346,2124.9414515087738,2125.3820027490915,200.0
Atlantic,2162.87,2132.520726398083,2132.292988197693,2132.719958681743,401.0
Atlantic,2172.67,2150.2496385136255,2150.0536774485863,2150.4325487666492,600.0
Atlantic,2174.06,2156.057204798167,2155.8876239078395,2156.21536031257,802.0
Atlantic,2173.66,2154.8914260597667,2154.728336253987,2155.0477146685184,1000.0
Atlantic,2054.6,2046.9759173705252,2046.3170248778454,2047.5605467797893,7.0
Atlantic,2131.0,2104.164971176053,2103.819887632444,2104.54039769048,50.0
Atlantic,2131.2,2107.670958840829,2107.3224168783786,2108.031487137387,99.0
Atlantic,2128.6,2111.5101614830246,2111.147900023529,2111.9187545604004,152.0
Atlantic,2145.3,2119.0927019303126,2118.6967070539126,2119.559232013211,196.0
Atlantic,2161.6,2135.4680660094527,2135.0168409326598,2135.984879607207,248.0
Atlantic,2205.5,2157.190048473479,2156.7077259433077,2157.700384365707,286.0
Atlantic,2198.3,2160.3144281685027,2159.8296291187717,2160.8216412740203,287.0
Atlantic,2048.2,2042.550229345394,2041.7915492852862,2043.2080418509731,10.0
Atlantic,2073.3,2055.849447622014,2055.369266648893,2056.26637849921,48.0
Atlantic,2124.5,2103.6519072857354,2103.306089091085,2104.02370050901,96.0
Atlantic,2126.3,2108.480473494698,2108.1145706067305,2108.864048832553,123.0
Atlantic,2139.4,2122.0440400671578,2121.6576113061155,2122.502653811877,198.0
Atlantic,2148.1,2130.442184263973,2130.0149171229455,2130.937487061073,287.0
Atlantic,2165.0,2137.343193832512,2136.8587225882025,2137.8766183543307,376.0
Atlantic,2181.1,2151.9226189300634,2151.4397845467015,2152.424890746214,477.0
Atlantic,2188.3,2155.5347095306042,2155.055439498731,2156.0060504135045,565.0
Atlantic,2191.2,2157.976759661896,2157.5078146348455,2158.4302268885776,629.0
Atlantic,2036.0,2042.9323958214957,2042.1826924940694,2043.5797477145932,9.0
Atlantic,2033.3,2042.374317191732,2041.609752446846,2043.0384119517814,24.0
Atlantic,2093.8,2069.011884496097,2068.731219557378,2069.331704061311,48.0
Atlantic,2105.5,2098.9265608775195,2098.593786418104,2099.2589026919013,76.0
Atlantic,2106.6,2080.969816512852,2080.683885324064,2081.2791719151373,114.0
Atlantic,2133.3,2111.8220075866107,2111.4473649980546,2112.2198136915367,157.0
Atlantic,2163.0,2121.5243416130775,2121.1405769064195,2121.9815658956245,235.0
Atlantic,2157.7,2135.861549793133,2135.4181944834495,2136.3715477564315,312.0
Atlantic,2174.3,2144.205029655694,2143.727830012541,2144.72753409612,375.0
Atlantic,2160.7,2143.1165420920906,2142.629021901662,2143.6409021842674,399.0
Atlantic,2180.4,2142.8284100264627,2142.316079933981,2143.34715273471,463.0
Atlantic,2175.3,2155.815597599785,2155.336870759968,2156.2827651288812,559.0
Atlantic,2181.6,2164.3282298232198,2163.8857566699908,2164.7547401665997,647.0
Atlantic,2196.5,2182.876546633044,2182.548480705573,2183.1762960456176,793.0
Atlantic,2173.9,2177.928836474373,2177.56047320959,2178.252490855881,690.0
Atlantic,2189.2,2190.5485499060896,2190.2694716059723,2190.821668045594,799.0
Atlantic,2205.5,2209.5871419890527,2209.3861480381593,2209.785025195646,889.0
Atlantic,2198.5,2211.814223098012,2211.6060598781723,2212.008993628341,1005.0
Atlantic,2047.7,2043.6667022894023,2042.9323392444014,2044.2989252944774,8.0
Atlantic,2041.6,2045.2092608549185,2044.5127705030611,2045.8044459870703,23.0
Atlantic,2089.2,2081.042269481844,2080.7790466019987,2081.308526878005,48.0
Atlantic,2088.6,2080.1979288624793,2079.9528927549954,2080.462072730118,69.0
Atlantic,2129.1,2114.8029914752374,2114.4023527853105,2115.2318581853506,102.0
Atlantic,2131.8,2108.528703383473,2108.1753647385713,2108.8905866300784,174.0
Atlantic,2151.3,2120.96613948518,2120.557543233986,2121.443198981878,325.0
Atlantic,2148.7,2121.246675166561,2120.8359748051384,2121.725684650784,328.0
Atlantic,2183.6,2153.7648453746037,2153.2966955788775,2154.269999100638,464.0
Atlantic,2181.2,2154.0759683338224,2153.603416073433,2154.5594600482013,538.0
Atlantic,2189.6,2161.811811935806,2161.3608491069685,2162.2440798345056,641.0
Atlantic,2211.4,2183.922649319685,2183.596996461588,2184.222987020331,741.0
Atlantic,2224.9,2199.66330018644,2199.424885303374,2199.8888491651956,834.0
Atlantic,2237.7,2207.5760851063897,2207.3806303816873,2207.7732677085437,888.0
Atlantic,2239.1,2220.6180395996857,2220.35006825974,2220.8667370397625,1081.0
Atlantic,2231.5,2220.852178563748,2220.5837495043943,2221.102112297865,1135.0
Atlantic,2227.5,2221.677234579944,2221.4050048483905,2221.9380685636447,1187.0
Atlantic,2223.1,2220.632813422084,2220.370247720401,2220.8858941138574,1238.0
Atlantic,2034.2,2044.0283905730794,2043.300924909344,2044.6555232234766,8.0
Atlantic,2045.8,2043.3876370695534,2042.6314000329178,2044.0441674098688,23.0
Atlantic,2073.7,2075.102019654923,2074.8345874055326,2075.3837134334794,48.0
Atlantic,2092.6,2087.792675510187,2087.5482673034603,2088.050348452122,70.0
Atlantic,2115.7,2103.1147232987364,2102.767497279036,2103.474021452078,97.0
Atlantic,2129.3,2106.75668918404,2106.4090793206515,2107.1150180658537,197.0
Atlantic,2137.8,2112.3279663251765,2111.9613284959983,2112.7485929649833,296.0
Atlantic,2199.0,2162.8851561527867,2162.439267449086,2163.3117728765033,696.0
Atlantic,2214.8,2182.030518827377,2181.694995014583,2182.3341630279506,796.0
Atlantic,2234.2,2200.0210148682013,2199.785576555042,2200.2453498296836,888.0
Atlantic,2243.5,2219.745344754638,2219.495600808652,2219.984395078686,1097.0
Atlantic,2247.8,2221.7632737522536,2221.4870751842946,2222.018781568979,1196.0
Atlantic,2233.1,2219.066997115957,2218.8212098972144,2219.3118328855885,1297.0
Atlantic,2228.7,2216.751127518527,2216.514877069977,2216.9887002217483,1395.0
Atlantic,2224.8,2213.580389306254,2213.3675487947226,2213.795173797062,1494.0
Atlantic,2226.4,2212.3424627050354,2212.138674362441,2212.547560151957,1581.0
Atlantic,2036.7,2042.677719047415,2041.9167858587225,2043.338663653751,14.0
Atlantic,2040.1,2052.3980334862663,2051.843899492396,2052.867279495797,25.0
Atlantic,2085.4,2075.9397735011485,2075.6742033749465,2076.2190916482245,50.0
Atlantic,2104.1,2088.506893518196,2088.265771632667,2088.7625589992804,107.0
Atlantic,2138.0,2109.102652356278,2108.7463474092615,2109.488450442339,246.0
Atlantic,2168.4,2140.117332602032,2139.637382498967,2140.642540521629,465.0
Atlantic,2181.6,2153.510679169839,2153.0240116946934,2153.9807574894867,641.0
Atlantic,2213.5,2183.0398628904377,2182.710184835056,2183.343463876929,796.0
Atlantic,2233.7,2209.759379352998,2209.557958624966,2209.956668159936,1016.0
Atlantic,2241.6,2222.884566831197,2222.6055699767694,2223.1484583060733,1195.0
Atlantic,2237.8,2221.9761108164075,2221.694069985206,2222.247443393795,1395.0
Atlantic,2211.3,2210.0157524104393,2209.824166117705,2210.2081215911535,1648.0
Atlantic,2203.8,2206.7267570994945,2206.556788610195,2206.8981118896318,1834.0
Atlantic,2210.3,2206.586150345255,2206.417344568223,2206.756389792459,1836.0
Atlantic,2018.4,2043.283145166703,2042.5351982158365,2043.9305446540538,12.0
Atlantic,2052.4,2043.5620326371677,2042.8186012624979,2044.20490602718,24.0
Atlantic,2058.0,2073.9222955338964,2073.642147800702,2074.2139018115936,49.0
Atlantic,2082.0,2093.0512109476886,2092.781327876081,2093.3329584916055,99.0
Atlantic,2102.4,2106.3580886029918,2106.0184553266035,2106.704295269019,187.0
Atlantic,2123.1,2106.460857044476,2106.11996638536,2106.806797231855,246.0
Atlantic,2139.0,2117.752914829933,2117.360701296344,2118.217056340579,346.0
Atlantic,2157.6,2138.1093501783885,2137.6465003236876,2138.627141795937,444.0
Atlantic,2168.5,2144.2041336663738,2143.7056795646686,2144.7216598930772,542.0
Atlantic,2190.0,2167.867356369493,2167.447154270936,2168.267760776472,746.0
Atlantic,2201.2,2182.493958550547,2182.1635277431706,2182.7952336584617,842.0
Atlantic,2219.9,2206.317316443342,2206.1242155929153,2206.5143994050427,989.0
Atlantic,2247.5,2220.063849949896,2219.8031377955303,2220.3008406822364,1162.0
Atlantic,2247.1,2220.7008315602966,2220.4307759045037,2220.946612190735,1235.0
Atlantic,2221.6,2219.117848470717,2218.853685687454,2219.375481261891,1478.0
Atlantic,2216.5,2211.982466412945,2211.7655357455756,2212.1954392316748,1727.0
Atlantic,2203.7,2206.986080639271,2206.806274700901,2207.1643690093383,1875.0
Atlantic,2204.8,2203.734752900877,2203.5733351376543,2203.888889147484,1973.0
Atlantic,2206.1,2205.094209642979,2204.9200999211134,2205.2620493924014,2102.0
Atlantic,2039.4,2043.6511347472397,2042.9086963776115,2044.2954461891247,23.0
Atlantic,2130.2,2108.427133062569,2108.069958805283,2108.8248455383996,325.0
Atlantic,2157.3,2131.146729245266,2130.6787550690137,2131.670302940658,445.0
Atlantic,2172.7,2145.4480333660013,2144.954292944856,2145.9649515598153,553.0
Atlantic,2195.2,2156.523571202109,2156.0498691874104,2156.981805320864,700.0
Atlantic,2215.2,2183.3631704485742,2183.0357025238577,2183.6620044192728,857.0
Atlantic,2231.6,2201.3787290752857,2201.1600502777346,2201.60275276189,988.0
Atlantic,2239.6,2222.8363836292956,2222.5567521653056,2223.1011914844175,1244.0
Atlantic,2235.6,2219.7299266745385,2219.4565039871673,2219.9965588660407,1550.0
Atlantic,2223.0,2214.1112687646955,2213.876697603237,2214.3402945016865,1717.0
Atlantic,2206.0,2205.0607795531305,2204.88872377699,2205.22667953722,1973.0
Atlantic,2035.3,2044.4869998698396,2043.76248968161,2045.1158691885712,9.0
Atlantic,2053.4,2048.553104043871,2047.8987494509915,2049.114618558889,34.0
Atlantic,2085.6,2073.160080303554,2072.9060537568134,2073.4507701558723,77.0
Atlantic,2106.3,2086.4833097002024,2086.1987835209593,2086.7785901556836,140.0
Atlantic,2137.3,2111.2976892820366,2110.9290318016356,2111.7146433666453,295.0
Atlantic,2189.4,2160.2280261712276,2159.7756917769398,2160.6692951458253,691.0
Atlantic,2201.0,2173.421297372104,2173.0365182234837,2173.759740667519,839.0
Atlantic,2245.4,2222.7224036286484,2222.4438372391733,2222.9849329149783,1230.0
Atlantic,2226.2,2218.061423810611,2217.7954589425954,2218.317264492016,1616.0
Atlantic,2035.7,2042.7424322763593,2041.9812622952577,2043.4047020078804,8.0
Atlantic,2042.7,2042.5624195441153,2041.7966996248524,2043.2290434443973,21.0
Atlantic,2087.5,2064.8047470438587,2064.486908665483,2065.1627735527177,58.0
Atlantic,2124.8,2096.674176047273,2096.3949884650324,2096.9647164902003,185.0
Atlantic,2138.1,2112.653194862564,2112.2660121909385,2113.087653604352,345.0
Atlantic,2178.6,2145.0883964437394,2144.587154517494,2145.6061822384595,570.0
Atlantic,2198.0,2163.562766373754,2163.1204703773933,2163.995787906227,708.0
Atlantic,2203.7,2176.9296732277376,2176.5627394815497,2177.254676235491,831.0
Atlantic,2215.8,2201.2253594526833,2200.9967088138324,2201.452271335233,988.0
Atlantic,2215.0,2220.622865210867,2220.3610262403945,2220.869088615728,1234.0
Atlantic,2205.0,2215.1938003317396,2214.950232185421,2215.4313213891533,1725.0
Atlantic,2218.2,2218.8130964733728,2218.4734066112937,2219.1203885840623,3636.0
Atlantic,2033.2,2044.3014293685026,2043.5781264571035,2044.9269680989028,13.0
Atlantic,2036.5,2044.0286676640635,2043.2978022912855,2044.6614739578429,27.0
Atlantic,2055.7,2052.4371916863247,2051.8876117236073,2052.90205888922,57.0
Atlantic,2087.8,2074.5229562586087,2074.2303200232022,2074.8306424528405,75.0
Atlantic,2121.8,2109.32284128154,2108.934019702071,2109.7461409617717,97.0
Atlantic,2125.2,2106.46786105237,2106.1244020667846,2106.8191686605387,197.0
Atlantic,2126.1,2099.3454102943556,2098.9473624918064,2099.726722664667,347.0
Atlantic,2171.4,2148.374111853817,2147.882699300834,2148.881088067895,578.0
Atlantic,2176.3,2149.11838869782,2148.6176680842837,2149.5961734707935,706.0
Atlantic,2212.6,2190.172662425882,2189.9080081731568,2190.4256409748373,995.0
Atlantic,2231.9,2221.170659268981,2220.8978629225194,2221.420165494761,1297.0
Atlantic,2206.6,2206.898764366984,2206.6897822364826,2207.097966869446,2592.0
Atlantic,2205.6,2206.9506489603414,2206.7322317395087,2207.161883112703,2959.0
Atlantic,2228.6,2217.813049094813,2217.4838268194253,2218.1106640324183,3497.0
Atlantic,2247.6,2229.133760606993,2228.6706008483025,2229.547442715496,4170.0
Atlantic,2042.6,2045.2208372066664,2044.5175019182548,2045.828615518565,18.0
Atlantic,2039.5,2044.6290244541108,2043.9106892536377,2045.2512331289427,24.0
Atlantic,2059.4,2063.9795266958818,2063.6356193550346,2064.3087135939404,58.0
Atlantic,2126.7,2107.5319640721586,2107.1808218981173,2107.8958235514874,197.0
Atlantic,2142.2,2116.167189003058,2115.7699987948067,2116.6225795103214,394.0
Atlantic,2178.6,2148.2538202431924,2147.779734611582,2148.7584354450773,591.0
Atlantic,2204.4,2175.9948819338592,2175.6191160792255,2176.327570840594,822.0
Atlantic,2229.8,2198.1297593321615,2197.878407191776,2198.360225117425,987.0
Atlantic,2240.1,2218.774143656876,2218.5266926311183,2219.003750608883,1233.0
Atlantic,2219.1,2215.412777609525,2215.1688963034767,2215.650881573457,1727.0
Atlantic,2223.6,2209.734666487343,2209.5283826422246,2209.935910219923,1974.0
Atlantic,2204.4,2207.7116514808095,2207.5075331108055,2207.9041307410994,2265.0
Atlantic,2215.3,2206.4811702158327,2206.2711248591904,2206.6826687448524,2757.0
Atlantic,2219.2,2211.6439492102945,2211.3840110553842,2211.886923079258,3249.0
Atlantic,2226.8,2224.520794306587,2224.1119867981884,2224.8862488840377,3735.0
Atlantic,2249.2,2228.1076503193713,2227.6569511675384,2228.5101835237274,4126.0
Atlantic,2253.7,2228.847848982209,2228.38885274396,2229.2577188918517,4432.0
Atlantic,2038.9,2046.6711291743868,2045.9953513270857,2047.2507940287169,25.0
Atlantic,2092.8,2070.7637554013577,2070.4649901474704,2071.086965544027,48.0
Atlantic,2101.6,2085.5059651335014,2085.2790128843253,2085.7581990390013,96.0
Atlantic,2108.8,2091.2014364621705,2090.894595487989,2091.5139377158525,196.0
Atlantic,2134.2,2107.6395058655216,2107.276592145736,2108.0387550959495,295.0
Atlantic,2167.9,2144.077480467812,2143.5910135643726,2144.5953386893725,547.0
Atlantic,2199.4,2166.2812931900685,2165.8561321656684,2166.693580617375,743.0
Atlantic,2213.4,2191.7784587150004,2191.501003667133,2192.048421685333,885.0
Atlantic,2237.1,2208.5281883469156,2208.3335634813993,2208.720884860659,1021.0
Atlantic,2240.1,2221.3729520303636,2221.1011012000954,2221.6234493736524,1221.0
Atlantic,2221.8,2218.6603755481924,2218.394549126196,2218.9203803413156,1559.0
Atlantic,2208.6,2212.206784819539,2211.9856290086295,2212.422903707333,1775.0
Atlantic,2214.0,2209.7453133033478,2209.5381217507584,2209.946879993592,1954.0
Atlantic,2213.1,2207.098437637064,2206.8936659411675,2207.2898454827123,2302.0
Atlantic,2231.8,2211.9187091558315,2211.6551167585917,2212.163617784042,3249.0
Atlantic,2254.2,2224.1348608114913,2223.7283983952293,2224.49680796337,3843.0
Atlantic,2262.2,2229.6295795101196,2229.163507638002,2230.0472985774923,4502.0
Atlantic,2045.4,2047.1247771832147,2046.4564632474612,2047.7012232526745,8.0
Atlantic,2043.7,2046.6656233654517,2045.985902709711,2047.2531786438974,21.0
Atlantic,2068.1,2054.49521621924,2053.9778677601757,2054.934884313678,67.0
Atlantic,2146.2,2121.914744162174,2121.524704377435,2122.367359196291,146.0
Atlantic,2162.8,2136.1242466994936,2135.6992816313877,2136.625688845933,195.0
Atlantic,2181.8,2152.165301412881,2151.6841352685415,2152.6571362721643,334.0
Atlantic,2206.7,2180.834530847913,2180.4960133348914,2181.138166624198,588.0
Atlantic,2225.1,2198.119399251099,2197.8731923344003,2198.3453300937435,740.0
Atlantic,2237.9,2216.0017683667897,2215.783985631422,2216.206864499227,930.0
Atlantic,2242.6,2221.1279010077396,2220.853908837407,2221.392282313461,1234.0
Atlantic,2205.3,2205.9765844054477,2205.811212921114,2206.143203824318,1727.0
Atlantic,2211.0,2208.509142979843,2208.3067590347514,2208.703622608012,1974.0
Atlantic,2216.5,2206.649267836543,2206.4503526450253,2206.8348186523176,2242.0
Atlantic,2218.3,2207.7466301265295,2207.5218101727914,2207.9644205614895,2855.0
Atlantic,2227.3,2211.0780257730676,2210.822598562245,2211.3175317946852,3246.0
Atlantic,2248.5,2223.728883779911,2223.3291438933475,2224.086132625406,3734.0
Atlantic,2259.4,2226.1732280460437,2225.7434376635524,2226.555876437027,4126.0
Atlantic,2259.5,2225.781326168265,2225.3548352722655,2226.1598062622497,4535.0
Atlantic,2046.6,2048.1884137582974,2047.5483283513838,2048.7368514307327,7.0
Atlantic,2048.8,2046.0874375232406,2045.395397824866,2046.6863497622703,25.0
Atlantic,2055.2,2044.9741038021953,2044.253859834781,2045.6003052452106,45.0
Atlantic,2113.9,2094.9502394587835,2094.6195780200915,2095.2786779431044,100.0
Atlantic,2151.4,2124.0000326636687,2123.601530098055,2124.459775893573,149.0
Atlantic,2172.8,2140.8456779920252,2140.379343318178,2141.367671343152,298.0
Atlantic,2189.4,2165.3969008007602,2164.959230716573,2165.8204858552103,549.0
Atlantic,2214.9,2198.859518582123,2198.6087266230193,2199.092314501903,800.0
Atlantic,2248.4,2217.0171055776136,2216.7934061157766,2217.229997807357,1013.0
Atlantic,2226.6,2214.1222788616383,2213.898212866013,2214.344769067739,1520.0
Atlantic,2216.3,2210.0765060157323,2209.870946643611,2210.277461345642,1788.0
Atlantic,2206.2,2207.321332935526,2207.1132869396138,2207.5179764920395,2367.0
Atlantic,2209.1,2207.7592569907856,2207.533276040815,2207.977546735422,2959.0
Atlantic,2227.6,2216.7529489044323,2216.437449135187,2217.0398974408577,3444.0
Atlantic,2242.1,2222.96409478155,2222.5732282515423,2223.3135359542875,3755.0
Atlantic,2247.9,2226.9786897829163,2226.541083772971,2227.3693765534385,4125.0
Atlantic,2247.6,2227.9213410960288,2227.4732042105375,2228.321310850193,4484.0
Atlantic,2059.2,2061.1226363516485,2060.7500642367486,2061.483489528107,49.0
Atlantic,2099.3,2075.107926464822,2074.838180028665,2075.390483290326,96.0
Atlantic,2112.3,2099.3799801420428,2099.0761759027423,2099.6897338651147,246.0
Atlantic,2139.7,2119.4059497608114,2119.029580100508,2119.8563817935255,442.0
Atlantic,2180.6,2162.207272851699,2161.772478314819,2162.65309480474,730.0
Atlantic,2185.7,2160.669809606258,2160.214021602839,2161.109032364222,789.0
Atlantic,2221.6,2205.4028381814455,2205.206385738559,2205.613390500556,1045.0
Atlantic,2264.1,2216.49443144027,2216.2770894812115,2216.703456958285,1234.0
Atlantic,2220.0,2214.131557722144,2213.8864717258766,2214.367989605102,1971.0
Atlantic,2207.4,2207.8726148386804,2207.6617245670195,2208.0717998733267,2462.0
Atlantic,2216.3,2207.2656320155356,2207.04596127966,2207.480404129133,2993.0
Atlantic,2238.0,2215.0103863257223,2214.7150947610035,2215.280194541353,3443.0
Atlantic,2239.6,2224.101253172281,2223.696094470501,2224.462475796776,3931.0
Atlantic,2263.7,2227.103504670898,2226.664184936642,2227.4952233820595,4417.0
Atlantic,2263.0,2227.4699635904435,2227.027453881991,2227.864671408301,4734.0
Atlantic,2029.6,2038.2319139561373,2037.3717402514862,2038.989601623832,9.0
Atlantic,2030.2,2041.33105371872,2040.5417740511068,2042.0238514228383,24.0
Atlantic,2052.8,2052.4748828378124,2051.947480915539,2052.9297322496955,49.0
Atlantic,2112.0,2095.9084430336543,2095.6150144802164,2096.2178512917103,147.0
Atlantic,2135.8,2106.3245965808173,2105.9760714746567,2106.688515151901,448.0
Atlantic,2177.7,2141.5156993604996,2141.0065667431863,2142.040474223121,718.0
Atlantic,2188.5,2153.0228941824776,2152.5263042499205,2153.4820231418694,897.0
Atlantic,2231.0,2206.634590694306,2206.444283202452,2206.829946944947,1236.0
Atlantic,2244.6,2224.3706460855487,2224.0786600823603,2224.6487048756035,1520.0
Atlantic,2218.4,2212.6851406543356,2212.4607293369468,2212.9047276221927,1975.0
Atlantic,2214.9,2208.5726017608545,2208.359874170476,2208.7730365544166,2465.0
Atlantic,2218.3,2206.239438116472,2206.0305305855227,2206.4380982043976,2956.0
Atlantic,2229.8,2217.00623810029,2216.6888187252052,2217.2950724818747,3513.0
Atlantic,2254.9,2224.7672036722674,2224.3563447534075,2225.1346738979664,3932.0
Atlantic,2260.8,2227.9424463939827,2227.4954183146056,2228.3417002994092,4828.0
Atlantic,2047.5,2050.0694615795587,2049.4528795690335,2050.6001429709836,8.0
Atlantic,2064.6,2048.341130275371,2047.6725552360847,2048.923422277842,23.0
Atlantic,2067.9,2057.027817762953,2056.5058350926843,2057.458601504191,48.0
Atlantic,2104.5,2085.4288451105276,2085.1835988249754,2085.6972841887687,195.0
Atlantic,2133.1,2105.2804662031767,2104.9409892897734,2105.631831286619,295.0
Atlantic,2136.2,2112.7029530831082,2112.334783191806,2113.1212758219644,396.0
Atlantic,2174.4,2140.2376318211177,2139.746921295363,2140.7644849191806,642.0
Atlantic,2190.9,2152.3131902853647,2151.815976685693,2152.7736574100445,878.0
Atlantic,2233.3,2207.3747763990027,2207.1823842149893,2207.5660634907445,1234.0
Atlantic,2242.8,2220.3597749063397,2220.0928262640823,2220.603922333093,1422.0
Atlantic,2213.4,2212.226668574503,2212.007377654279,2212.442480767793,1973.0
Atlantic,2217.2,2205.612432587885,2205.4108970068455,2205.8031191227174,2978.0
Atlantic,2232.0,2222.8667500859356,2222.4814432635126,2223.2134623889906,3931.0
Atlantic,2247.9,2225.731912582112,2225.308671141496,2226.109155523545,4416.0
Atlantic,2253.5,2227.8273013278995,2227.382470524651,2228.22482798536,4968.0
Atlantic,2070.8,2051.671224620529,2051.0747932075255,2052.177760365262,8.0
Atlantic,2072.6,2051.176081524132,2050.5670545976886,2051.6943616934914,22.0
Atlantic,2079.0,2066.8489102462795,2066.5369192870353,2067.158091479797,69.0
Atlantic,2094.5,2076.2222157779615,2075.9674689071935,2076.508263189313,128.0
Atlantic,2135.4,2110.762697145521,2110.400229035663,2111.1537499485394,357.0
Atlantic,2156.5,2126.117269838298,2125.6883032774394,2126.6137049012195,496.0
Atlantic,2191.3,2153.6081079313444,2153.120665499038,2154.0739846038987,840.0
Atlantic,2203.3,2172.724124201825,2172.3321681326493,2173.0787841896827,958.0
Atlantic,2242.5,2211.834371747814,2211.6299738641824,2212.0216065385302,1284.0
Atlantic,2237.1,2220.693061960855,2220.4159693334495,2220.9629871723314,1690.0
Atlantic,2221.4,2212.6274282450677,2212.4073715787445,2212.8430059696084,1935.0
Atlantic,2213.0,2204.485404492152,2204.306710556548,2204.652057473003,2485.0
Atlantic,2212.7,2204.366301256591,2204.175140195897,2204.543463032209,2954.0
Atlantic,2225.7,2207.8774884581035,2207.647816483301,2208.0964025924413,3444.0
Atlantic,2259.8,2225.7227983303437,2225.299377813992,2226.1000811064064,4418.0
Atlantic,2260.0,2228.029969915828,2227.5834894575146,2228.4294132224363,4989.0
Atlantic,2068.1,2050.1070690376714,2049.491711102257,2050.6414241291554,8.0
Atlantic,2067.8,2051.0925559649136,2050.5001980646007,2051.6134988787003,13.0
Atlantic,2070.7,2050.415917585975,2049.80462529228,2050.950196967539,24.0
Atlantic,2095.8,2070.569270065315,2070.30314605651,2070.879502221014,93.0
Atlantic,2123.3,2093.5648722858627,2093.2679144070357,2093.8687795496976,225.0
Atlantic,2167.7,2112.316540200311,2111.95016046864,2112.730716179712,394.0
Atlantic,2168.8,2136.795292853435,2136.312708864547,2137.3279882298484,591.0
Atlantic,2168.5,2143.449783749819,2142.935633368425,2143.9563806740016,728.0
Atlantic,2216.4,2172.241995321094,2171.842409816109,2172.617093073723,898.0
Atlantic,2212.8,2192.454682278878,2192.1691105842615,2192.7308736906984,1135.0
Atlantic,2243.1,2222.136551087082,2221.8585526081774,2222.3966854267032,1481.0
Atlantic,2215.2,2213.2199610427806,2212.9917037541745,2213.4425206567,1973.0
Atlantic,2208.6,2204.293417788198,2204.09969002255,2204.4744734147985,3052.0
Atlantic,2215.6,2206.723942579479,2206.5032711721283,2206.9361227322206,3443.0
Atlantic,2235.8,2219.1781488551806,2218.8319496548233,2219.489248988271,3931.0
Atlantic,2251.0,2225.450847716434,2225.0310542261495,2225.8242763350017,5008.0
Atlantic,2071.2,2052.2529063930083,2051.672708180389,2052.7534055798355,9.0
Atlantic,2071.3,2052.048460435649,2051.454268662018,2052.551876638452,23.0
Atlantic,2087.7,2075.525954055029,2075.2880038206495,2075.7900778295552,99.0
Atlantic,2120.4,2095.990047242924,2095.6988381744,2096.2891905114657,257.0
Atlantic,2132.0,2108.5576416363424,2108.200006512352,2108.932811711628,347.0
Atlantic,2145.3,2116.6061047435346,2116.229489105428,2117.0518672916915,457.0
Atlantic,2174.0,2139.4625868679345,2138.969057566925,2139.989930891189,647.0
Atlantic,2192.1,2156.6057646353283,2156.128501213208,2157.055939812534,867.0
Atlantic,2234.2,2206.0055263712857,2205.8223811800276,2206.186138957794,1257.0
Atlantic,2238.4,2217.8610293534,2217.616135029931,2218.0906685223804,1480.0
Atlantic,2218.3,2211.645189141584,2211.432093230852,2211.854683867351,1974.0
Atlantic,2209.7,2202.4911336628925,2202.3214274800225,2202.6443992558934,2466.0
Atlantic,2221.4,2207.13470748303,2206.9101681452807,2207.3498213375487,3444.0
Atlantic,2257.5,2226.495301866281,2226.0635629387552,2226.88039150553,4419.0
Atlantic,2079.2,2050.1121452935085,2049.486799001181,2050.655828590059,9.0
Atlantic,2078.5,2050.3294075000035,2049.698436589697,2050.8794296949686,22.0
Atlantic,2076.1,2058.771476676222,2058.293884910662,2059.1586786235875,47.0
Atlantic,2112.6,2087.2486989492654,2086.988322199196,2087.518346997009,145.0
Atlantic,2137.5,2107.2035582531967,2106.8519478806415,2107.5665189518654,295.0
Atlantic,2165.4,2133.9362489863406,2133.4676459176426,2134.4606028947383,522.0
Atlantic,2180.8,2139.5345657037897,2139.0093188719916,2140.030204673347,749.0
Atlantic,2224.0,2192.584242178798,2192.3292431473737,2192.82796253922,1097.0
Atlantic,2239.8,2218.963540499056,2218.710387618938,2219.2009073673416,1470.0
Atlantic,2223.2,2210.2972215018112,2210.0970953243236,2210.4947535949304,1974.0
Atlantic,2213.5,2204.052059301254,2203.873426512716,2204.216886096729,2562.0
Atlantic,2215.6,2203.8711552214686,2203.6779445201105,2204.051601032638,3150.0
Atlantic,2251.3,2222.793956192192,2222.4061144632024,2223.140877467627,4027.0
Atlantic,2260.1,2224.143159260705,2223.7357557810706,2224.5046621808765,4516.0
Atlantic,2041.5,2033.0282057760312,2032.0216888424588,2033.89450481387,6.0
Atlantic,2050.1,2035.8560489129632,2034.9088738123733,2036.6572085745156,23.0
Atlantic,2071.7,2066.1443727781516,2065.7931670760804,2066.5124643535783,48.0
Atlantic,2083.0,2075.0811774769954,2074.8035850231486,2075.3906093368955,98.0
Atlantic,2113.5,2103.256900919725,2102.9342965537107,2103.5878001914293,246.0
Atlantic,2133.3,2114.6613706111784,2114.2868072018437,2115.10310442413,366.0
Atlantic,2147.1,2133.8521899801794,2133.3428888610024,2134.3908199008774,547.0
Atlantic,2177.3,2156.5821178662686,2156.1010337181146,2157.0160818759664,876.0
Atlantic,2211.8,2180.266236045085,2179.935174008401,2180.569988471159,1028.0
Atlantic,2214.7,2205.385309344035,2205.205906225178,2205.5666172164324,1256.0
Atlantic,2215.9,2216.9926130836852,2216.7573046739303,2217.2205581433473,1495.0
Atlantic,2221.7,2210.590914293062,2210.3864742899677,2210.7920778372313,1973.0
Atlantic,2211.5,2203.6231422261967,2203.4502683904784,2203.7827072149857,2465.0
Atlantic,2210.7,2201.733851611958,2201.5612822871944,2201.890325792351,2955.0
Atlantic,2224.1,2205.871875588882,2205.6605137903493,2206.075527582472,3444.0
Atlantic,2256.0,2224.721291386305,2224.3098578425183,2225.088010796041,4419.0
Atlantic,2052.2,2030.8497693783575,2029.7691320198205,2031.7563736146537,8.0
Atlantic,2087.8,2065.17613548881,2064.8260270739393,2065.5312280802173,52.0
Atlantic,2098.3,2074.9263460233524,2074.6482005714674,2075.235296664634,97.0
Atlantic,2105.4,2079.759105490276,2079.4867582174606,2080.0599237122983,137.0
Atlantic,2112.5,2084.276152942793,2084.0038956143994,2084.569204093668,174.0
Atlantic,2132.0,2103.0392480265164,2102.721410529358,2103.362994865881,265.0
Atlantic,2148.2,2117.2020114813104,2116.823337262441,2117.6529702441585,393.0
Atlantic,2165.7,2130.791009145496,2130.3098040680634,2131.317566577821,523.0
Atlantic,2188.4,2153.5947208507505,2153.1005647552024,2154.066754551977,760.0
Atlantic,2216.4,2187.1590965448218,2186.8596974785746,2187.4371970000407,997.0
Atlantic,2232.0,2206.7461398656737,2206.5574030698103,2206.934277813322,1164.0
Atlantic,2240.6,2217.3422622804196,2217.0998576642596,2217.5651752600447,1392.0
Atlantic,2225.6,2212.476149348254,2212.2727335065924,2212.681978113638,1726.0
Atlantic,2209.6,2203.3967309739455,2203.2221127984108,2203.5557467977414,2562.0
Atlantic,2212.9,2206.0100017748437,2205.804607619335,2206.207831932657,3049.0
Atlantic,2217.7,2204.640363543781,2204.4382173250947,2204.8329269598535,3549.0
Atlantic,2239.3,2215.3278475921193,2215.0266146842596,2215.601085038004,4028.0
Atlantic,2259.6,2225.623544660752,2225.2049652512083,2225.997411305812,5190.0
Atlantic,2053.6,2035.6104294872368,2034.6757981874894,2036.4195764583958,8.0
Atlantic,2087.0,2063.8579374496203,2063.4946974945765,2064.2162679449757,61.0
Atlantic,2101.5,2074.575020321978,2074.301514709048,2074.87898576591,98.0
Atlantic,2133.6,2107.034550287636,2106.6825823529784,2107.3993490245985,226.0
Atlantic,2129.7,2115.550563453036,2115.1781234066048,2115.9782766001676,355.0
Atlantic,2170.5,2132.2670306715386,2131.7770416682356,2132.7953564859095,556.0
Atlantic,2163.4,2143.2561905633725,2142.7379246980295,2143.761224471971,724.0
Atlantic,2184.4,2150.096940720267,2149.590144765193,2150.5694841475847,816.0
Atlantic,2197.1,2183.0547321116633,2182.7334597489685,2183.3494776705534,1017.0
Atlantic,2227.5,2202.8751044790242,2202.6841084056173,2203.074846926342,1176.0
Atlantic,2236.3,2217.8555194905216,2217.613602791752,2218.078413838111,1397.0
Atlantic,2214.8,2207.3791588758063,2207.202587115639,2207.555702764745,2082.0
Atlantic,2212.0,2203.3010907676144,2203.119005383788,2203.4661782419794,2956.0
Atlantic,2210.7,2206.4088475022463,2206.1966535493934,2206.6145204060363,3414.0
Atlantic,2238.6,2226.2212493143625,2225.7953423242748,2226.602417631061,4611.0
Atlantic,2241.1,2227.8259129399376,2227.3850482810217,2228.2216668863957,5323.0
Atlantic,2076.9,2054.856507709765,2054.3232009840217,2055.3101697042325,7.0
Atlantic,2082.2,2057.8988285107007,2057.41584416461,2058.3195442428514,24.0
Atlantic,2094.5,2076.2335791484174,2076.007363645244,2076.4780667934588,88.0
Atlantic,2117.0,2093.18203741427,2092.903591271939,2093.4677005410704,227.0
Atlantic,2132.6,2101.3716935024017,2101.071305675735,2101.6821315243233,294.0
Atlantic,2146.9,2113.91422494692,2113.546666786072,2114.3316198861667,394.0
Atlantic,2177.0,2138.2687121277017,2137.753601078734,2138.7870545808764,695.0
Atlantic,2184.0,2147.8325265407652,2147.322839325714,2148.311590911864,841.0
Atlantic,2212.2,2176.2823632788322,2175.9130796281643,2176.6109042188314,988.0
Atlantic,2241.4,2215.1515208234973,2214.945535114154,2215.354004125401,1382.0
Atlantic,2228.6,2216.358551227573,2216.1248690461475,2216.5948257944037,1727.0
Atlantic,2214.9,2206.9033884148544,2206.709437931529,2207.0876466295435,2486.0
Atlantic,2214.9,2202.3740793151246,2202.198830614096,2202.531800518369,2956.0
Atlantic,2228.8,2205.5104940193914,2205.3018390894863,2205.710517660812,3636.0
Atlantic,2249.6,2217.5815950979177,2217.25480974548,2217.8764764074167,4127.0
Atlantic,2258.5,2226.069917295977,2225.6449595390236,2226.4497828236595,4612.0
Atlantic,2264.8,2228.3983796810476,2227.9505991381284,2228.800433282813,5246.0
Atlantic,2068.0,2044.0594673036276,2043.327820594393,2044.6946106547082,8.0
Atlantic,2071.3,2044.540228024963,2043.8200536761415,2045.1664199619963,23.0
Atlantic,2087.5,2066.83003847878,2066.48663047879,2067.132439491936,74.0
Atlantic,2097.9,2077.0919885977496,2076.857046782891,2077.3491149679894,128.0
Atlantic,2116.8,2086.192533387067,2085.9262193814557,2086.4780495719115,221.0
Atlantic,2146.2,2118.170129708584,2117.790380272775,2118.617000694563,448.0
Atlantic,2171.5,2138.8518105592316,2138.354593607683,2139.3849709891224,645.0
Atlantic,2180.8,2145.6782606451247,2145.1635628068702,2146.1646700195183,876.0
Atlantic,2187.7,2161.2477580373534,2160.790485004712,2161.659087877155,999.0
Atlantic,2236.5,2215.0315278375797,2214.8213020742373,2215.228091815899,1407.0
Atlantic,2214.8,2212.7000485279814,2212.5081447377543,2212.9010864608977,1736.0
Atlantic,2208.7,2209.8763308002704,2209.6754827809914,2210.0746403558364,2175.0
Atlantic,2202.4,2206.128969416159,2205.9259185909923,2206.3212188977227,2995.0
Atlantic,2209.5,2204.5282861935098,2204.3277590100474,2204.7178332898447,3496.0
Atlantic,2229.3,2221.170637563988,2220.8024240094646,2221.5007655363565,4174.0
Atlantic,2243.9,2224.170627110891,2223.764535970639,2224.531853067615,4516.0
Atlantic,2250.2,2226.327147516952,2225.899942372939,2226.70861248965,5182.0
Atlantic,2082.9,2060.426321805783,2059.9958330944164,2060.8092975107256,9.0
Atlantic,2079.3,2062.9288566961795,2062.5270531552123,2063.2794202122577,48.0
Atlantic,2088.1,2078.077092801721,2077.8633928450836,2078.3191924123944,97.0
Atlantic,2101.5,2084.8026081960334,2084.578707428011,2085.058930600269,226.0
Atlantic,2141.2,2115.9238214728175,2115.548481364055,2116.3521633177543,443.0
Atlantic,2150.6,2124.848475194029,2124.4248796216452,2125.339217105535,544.0
Atlantic,2181.7,2149.626576823484,2149.1178523768585,2150.10486345661,909.0
Atlantic,2206.0,2180.791873723865,2180.4570106512515,2181.0988923647565,1116.0
Atlantic,2240.8,2217.177187820617,2216.950212113514,2217.396514724824,1481.0
Atlantic,2240.4,2219.595966734083,2219.33636760673,2219.8510778218338,1739.0
Atlantic,2215.0,2207.3835033546316,2207.1898174043977,2207.569495446852,2466.0
Atlantic,2213.6,2207.434810115924,2207.222989132608,2207.6377777312887,2954.0
Atlantic,2226.3,2210.783806293359,2210.535080708198,2211.0209908991706,3639.0
Atlantic,2256.8,2228.3880889356838,2227.939257735812,2228.792934885949,4419.0
Atlantic,2260.3,2227.7094526001506,2227.267176816326,2228.105647748279,4804.0
Atlantic,2259.6,2229.142021176002,2228.686301980599,2229.551701029122,5220.0
Atlantic,2083.5,2058.317270183009,2057.843229059863,2058.716006129988,7.0
Atlantic,2087.2,2059.266633408652,2058.8119068949522,2059.6621816724664,28.0
Atlantic,2079.8,2071.037176002311,2070.758402613032,2071.305186625874,88.0
Atlantic,2104.3,2081.9280481466653,2081.711291174532,2082.1718895249,194.0
Atlantic,2123.7,2099.409919460868,2099.106102088137,2099.731411792214,294.0
Atlantic,2140.9,2110.148035773092,2109.788852667115,2110.5295323462246,394.0
Atlantic,2155.0,2121.783941847325,2121.3911339218607,2122.252729719362,492.0
Atlantic,2166.0,2134.825543467346,2134.356045540395,2135.351611698573,591.0
Atlantic,2180.2,2149.5961941649484,2149.087925838347,2150.0721460977556,902.0
Atlantic,2206.8,2177.148310764111,2176.7871705532375,2177.471092388979,1086.0
Atlantic,2234.1,2217.1649218608654,2216.9353930470597,2217.3844133156604,1498.0
Atlantic,2234.2,2217.7586904774053,2217.5162118742296,2217.9996153723673,1749.0
Atlantic,2209.4,2207.500633173008,2207.3036600077435,2207.688826719962,2496.0
Atlantic,2209.9,2205.9651864350753,2205.765145170643,2206.1543446332357,2972.0
Atlantic,2252.8,2227.6801513156097,2227.2381446220634,2228.076501483783,4497.0
Atlantic,2252.4,2227.6175086841545,2227.178389671768,2228.011271807821,5309.0
Atlantic,2250.1,2228.67416321374,2228.2211806285045,2229.080084800817,4974.0
Atlantic,2085.2,2057.5302734470224,2057.045280056011,2057.941709859556,6.0
Atlantic,2079.0,2066.0807193935952,2065.722386086079,2066.3956523723405,62.0
Atlantic,2100.7,2071.505328054539,2071.229794002517,2071.7706018262966,90.0
Atlantic,2099.4,2081.7241428805546,2081.520854374856,2081.963097459535,185.0
Atlantic,2123.1,2104.7894525456704,2104.45211014272,2105.1403838749206,345.0
Atlantic,2147.7,2115.3017893148453,2114.9246813322843,2115.7441332703766,503.0
Atlantic,2183.9,2148.6242593835254,2148.113056854858,2149.111085271192,889.0
Atlantic,2216.2,2189.432104863391,2189.136814069505,2189.7177749507005,1116.0
Atlantic,2239.6,2219.150324704599,2218.8911024241406,2219.3845090980585,1479.0
Atlantic,2221.5,2210.838177640835,2210.625842195369,2211.0447403436588,2170.0
Atlantic,2212.8,2205.9214870039723,2205.7259116167725,2206.1023188803847,2662.0
Atlantic,2207.3,2204.6018176109283,2204.405191419718,2204.786775094283,3102.0
Atlantic,2214.6,2207.9547710127217,2207.7243414851328,2208.175111357538,3444.0
Atlantic,2241.8,2223.0548580636887,2222.668010840838,2223.404010609788,3930.0
Atlantic,2252.1,2227.5929162507014,2227.149853959028,2227.9891789441244,4418.0
Atlantic,2252.0,2228.2647588850564,2227.815495000187,2228.6668334816864,4904.0
Atlantic,2093.1,2049.5019532588803,2048.8712018770307,2050.0455035705854,9.0
Atlantic,2088.4,2059.6209777137133,2059.145872510522,2060.0221982870053,49.0
Atlantic,2087.9,2074.2897028771467,2074.0451499788064,2074.5461935866933,89.0
Atlantic,2129.5,2103.6080292412807,2103.290262453716,2103.9303399463197,286.0
Atlantic,2144.3,2115.7790022130616,2115.4086413411687,2116.206868048293,444.0
Atlantic,2185.3,2153.288347122349,2152.7961070186666,2153.782437859999,742.0
Atlantic,2207.4,2174.859711265042,2174.4758278099303,2175.201795098465,968.0
Atlantic,2231.2,2210.0071781647193,2209.8120439374898,2210.196315755551,1298.0
Atlantic,2243.4,2219.1669551128257,2218.9116581589415,2219.4047892552308,1482.0
Atlantic,2225.8,2214.0243111268865,2213.789734250181,2214.2531463872024,1973.0
Atlantic,2214.0,2204.385139636237,2204.1906334902974,2204.569985867956,2954.0
Atlantic,2213.5,2207.099117104347,2206.8761105922467,2207.3161002234247,3444.0
Atlantic,2254.4,2224.5624425484557,2224.1568422553964,2224.9266353445505,4175.0
Atlantic,2263.3,2228.502592274096,2228.0510340568453,2228.907444493032,4610.0
Atlantic,2263.7,2228.5877345229455,2228.1353113565083,2228.993082392426,4904.0
Atlantic,2080.1,2041.5166652691014,2040.7424102078514,2042.1958200702043,5.0
Atlantic,2080.6,2048.7142739455717,2048.077507267566,2049.289417994419,38.0
Atlantic,2089.0,2069.8637027017567,2069.58433593753,2070.1797259467594,86.0
Atlantic,2111.3,2081.2381225314157,2080.986889112582,2081.5153639242485,145.0
Atlantic,2114.6,2085.040714472703,2084.7885803501345,2085.3168173175645,195.0
Atlantic,2155.4,2122.59254797262,2122.1967148315066,2123.0646806406094,433.0
Atlantic,2164.8,2137.9473609888646,2137.4864977017287,2138.4715894643896,532.0
Atlantic,2183.8,2156.053106005373,2155.5680180039617,2156.512675175971,836.0
Atlantic,2207.2,2185.592027383392,2185.271717303615,2185.8863897907854,1027.0
Atlantic,2227.5,2216.202446655153,2215.972478560506,2216.415775905596,1462.0
Atlantic,2220.6,2213.4881275388593,2213.2644214217157,2213.705786039917,1924.0
Atlantic,2205.2,2208.1220569598404,2207.9161978393026,2208.3168405226,2462.0
Atlantic,2209.4,2205.3995983263776,2205.1998305509583,2205.588832877538,2955.0
Atlantic,2233.3,2222.8120747932626,2222.4260837824427,2223.158699930197,3932.0
Atlantic,2245.2,2228.3668608730995,2227.9156577103163,2228.7709821564263,4347.0
Atlantic,2252.8,2230.0615342734964,2229.593276128418,2230.482149513085,4847.0
Atlantic,2087.3,2052.6800996140273,2052.1132565599332,2053.1724079138235,8.0
Atlantic,2080.0,2060.672772603333,2060.2188241487393,2061.0547801108432,49.0
Atlantic,2088.7,2074.580653291661,2074.336274414495,2074.8358716461157,81.0
Atlantic,2114.9,2093.279286117877,2093.0060256193515,2093.5559156372046,176.0
Atlantic,2126.2,2105.340395428372,2105.009099419312,2105.6760516884133,275.0
Atlantic,2138.7,2110.7838874387494,2110.4287733623164,2111.163247446609,344.0
Atlantic,2158.4,2128.4153046740175,2127.962318868483,2128.9244564956794,494.0
Atlantic,2172.9,2138.8089221528458,2138.2850196580716,2139.3240715185752,692.0
Atlantic,2184.2,2150.093837002552,2149.588058754354,2150.571303685591,810.0
Atlantic,2192.4,2156.2903382086265,2155.8065288922667,2156.7336852992917,877.0
Atlantic,2239.3,2218.530529726222,2218.278164212049,2218.763047725822,1483.0
Atlantic,2219.4,2209.2123762755673,2209.003041377373,2209.412869208099,2270.0
Atlantic,2215.8,2206.923077235969,2206.722206720518,2207.110596976607,2513.0
Atlantic,2211.8,2206.3386248940387,2206.1266870764157,2206.544228212172,3152.0
Atlantic,2223.6,2207.7800494228613,2207.551062527184,2207.999405847616,3443.0
Atlantic,2263.8,2223.5105971239173,2223.116039129604,2223.8646181669283,3933.0
Atlantic,2271.6,2229.798595590066,2229.331436881105,2230.218659301922,4482.0
Atlantic,2070.4,2039.2606329668492,2038.4260893169119,2039.9832961157722,9.0
Atlantic,2069.2,2039.8144455344395,2038.9906952765848,2040.5353453534087,23.0
Atlantic,2072.5,2055.6205917428815,2055.1033284665664,2056.049544437106,57.0
Atlantic,2111.3,2086.960331711818,2086.6884251316874,2087.2461843616975,137.0
Atlantic,2129.2,2098.1198749799214,2097.828730431204,2098.406349357316,210.0
Atlantic,2175.6,2138.951446720184,2138.428373287799,2139.472555282695,662.0
Atlantic,2182.8,2147.6429471923398,2147.129942530173,2148.124519350269,829.0
Atlantic,2203.0,2170.9664172789544,2170.5597276734748,2171.3210761685805,989.0
Atlantic,2228.7,2183.7829402769444,2183.4719529593854,2184.066331002022,1086.0
Atlantic,2242.7,2215.2274422642627,2215.0177057612837,2215.426826836242,1382.0
Atlantic,2242.9,2218.6881563432826,2218.4403099680917,2218.9273491776166,1577.0
Atlantic,2222.0,2213.7103519326965,2213.475180399667,2213.938800447496,2072.0
Atlantic,2214.9,2207.1661367053725,2206.949111986953,2207.3759734516757,2997.0
Atlantic,2223.6,2211.7019436097294,2211.4409456501917,2211.946424961763,3498.0
Atlantic,2249.3,2224.89806960379,2224.4876823215222,2225.266989231858,3994.0
Atlantic,2255.3,2229.8150893601996,2229.349497802627,2230.234996130634,4589.0
Atlantic,2066.1,2045.0088432986272,2044.2990556444277,2045.624804421643,9.0
Atlantic,2069.6,2046.9892777233924,2046.315728233871,2047.567214794335,23.0
Atlantic,2075.4,2054.321672879945,2053.7927540289734,2054.7673328434166,48.0
Atlantic,2099.0,2075.209082698509,2074.922164548276,2075.5241585667645,98.0
Atlantic,2100.0,2084.0401630097044,2083.7738147385326,2084.3247560349114,146.0
Atlantic,2138.6,2111.5217465012315,2111.1583396568585,2111.93011672067,339.0
Atlantic,2165.6,2130.993396103783,2130.523458506404,2131.518791099293,512.0
Atlantic,2182.0,2153.2726077430852,2152.7725870688137,2153.736037573555,835.0
Atlantic,2198.4,2178.7501229464538,2178.407576353706,2179.0620558378296,1048.0
Atlantic,2220.2,2212.6566253575565,2212.4576821706987,2212.8370568475975,1384.0
Atlantic,2222.4,2218.146135150092,2217.8966982822226,2218.3771184661687,1498.0
Atlantic,2210.2,2214.1061676870354,2213.871113297626,2214.334448482544,1993.0
Atlantic,2201.4,2209.088916083072,2208.875503098615,2209.291391890554,2474.0
Atlantic,2200.2,2205.2394691732443,2205.039388184817,2205.429119355155,2954.0
Atlantic,2215.1,2208.584389668184,2208.3478073517485,2208.8088793847855,3519.0
Atlantic,2247.0,2227.2440342753835,2226.807388005162,2227.637883958825,4116.0
Atlantic,2245.6,2229.876049624543,2229.4085320559516,2230.2967434064485,4523.0
Atlantic,2077.5,2046.9667920913653,2046.3077037072571,2047.5536209268723,7.0
Atlantic,2077.7,2053.86313534741,2053.32345774831,2054.317950416633,47.0
Atlantic,2081.3,2066.0184554461757,2065.6863294927603,2066.333898472319,72.0
Atlantic,2092.3,2075.879725974674,2075.6305151361603,2076.1540621243544,96.0
Atlantic,2131.6,2108.168460491218,2107.823085768022,2108.5210043331754,295.0
Atlantic,2142.2,2114.4621202551402,2114.0962929619964,2114.8787411933336,397.0
Atlantic,2158.8,2130.416025330027,2129.9364059529908,2130.9464468342558,541.0
Atlantic,2175.2,2143.8011234788546,2143.2797835084266,2144.292862629292,795.0
Atlantic,2198.5,2168.3979180260612,2167.9768027697537,2168.772324805288,996.0
Atlantic,2206.5,2203.113809080022,2202.9329235335845,2203.3022776920084,1297.0
Atlantic,2239.3,2218.11619048508,2217.8718533892575,2218.3511068959456,1598.0
Atlantic,2227.6,2216.7751233977483,2216.535272418761,2217.011451653445,1759.0
Atlantic,2224.3,2213.900159709829,2213.6696913594387,2214.121147627296,1995.0
Atlantic,2212.7,2209.3353709593157,2209.1287654814246,2209.534580784196,2295.0
Atlantic,2213.2,2205.2043057680553,2205.0131476090005,2205.3798951586823,2705.0
Atlantic,2217.5,2207.2334071734385,2207.011544355121,2207.4482385410024,3206.0
Atlantic,2219.3,2210.239754769908,2209.9929916637384,2210.4739691062787,3427.0
Atlantic,2075.3,2048.686869758563,2048.0547639480565,2049.2431671261434,8.0
Atlantic,2075.3,2051.9955640296807,2051.4144190385605,2052.5019984041496,23.0
Atlantic,2075.2,2063.877873013465,2063.4983005868385,2064.2048503796436,53.0
Atlantic,2090.6,2078.147275397789,2077.9207951978115,2078.405968050378,115.0
Atlantic,2111.8,2094.046482096245,2093.7601725608597,2094.330388326295,225.0
Atlantic,2132.4,2108.9458963320826,2108.588157448743,2109.3175519803176,320.0
Atlantic,2159.8,2136.3051412867835,2135.825613439471,2136.834891764294,591.0
Atlantic,2174.1,2140.9285618333706,2140.404711056929,2141.432073647321,785.0
Atlantic,2203.1,2180.259321617311,2179.926016293383,2180.5656138442646,1136.0
Atlantic,2230.1,2214.657642825577,2214.4557178350433,2214.8565786892946,1479.0
Atlantic,2217.3,2217.8368077357927,2217.5847704510397,2218.0832305224562,1777.0
Atlantic,2214.2,2210.9209239605007,2210.7018325456456,2211.132656301115,2268.0
Atlantic,2203.8,2206.863599460907,2206.6597669657826,2207.0559926134897,2758.0
Atlantic,2216.5,2211.2897752395716,2211.035150630151,2211.5299838935725,3540.0
Atlantic,2242.6,2225.0660382833685,2224.654608299719,2225.43570248317,3978.0
Atlantic,2250.6,2229.9742064262778,2229.5062974085713,2230.3960449875617,4479.0
Atlantic,2075.6,2044.0021634449101,2043.280208733241,2044.633934087702,7.0
Atlantic,2075.3,2044.8886271183521,2044.1791346950135,2045.5062726841866,22.0
Atlantic,2079.4,2057.297109024451,2056.816860497857,2057.701847334909,48.0
Atlantic,2098.2,2079.201575893278,2078.9593455561126,2079.4631006964737,99.0
Atlantic,2117.6,2093.7330615086235,2093.4788122004397,2094.0012727183084,206.0
Atlantic,2135.4,2109.6372980528186,2109.2888820657913,2110.0065254342776,346.0
Atlantic,2160.9,2130.961063260668,2130.4912426960937,2131.4836768663527,551.0
Atlantic,2182.6,2147.2613771146653,2146.7481242937965,2147.744195210707,841.0
Atlantic,2225.5,2197.9235429272676,2197.689108434794,2198.1381988869557,1234.0
Atlantic,2232.0,2213.928881255664,2213.73061966978,2214.1209235550273,1483.0
Atlantic,2235.8,2218.2187797787847,2217.9757103646075,2218.4582809316103,1697.0
Atlantic,2225.5,2215.4716299702054,2215.227283053574,2215.705442468882,1972.0
Atlantic,2215.1,2207.0686450335293,2206.8697732732558,2207.2556575432395,2465.0
Atlantic,2213.5,2204.0832510804876,2203.8923106003967,2204.261027223093,2954.0
Atlantic,2220.1,2207.1407094968054,2206.917565465466,2207.355554576053,3444.0
Atlantic,2252.3,2227.939921450929,2227.4939598421383,2228.3406309544166,4086.0
Atlantic,2078.4,2045.8036205600172,2045.11630508997,2046.393489241433,8.0
Atlantic,2078.9,2059.1112876942007,2058.658421166919,2059.496049733823,63.0
Atlantic,2096.6,2073.47136510743,2073.220559590756,2073.7295538395756,101.0
Atlantic,2130.3,2098.2545576746297,2097.9537557688873,2098.5367653621006,246.0
Atlantic,2151.2,2118.900851169874,2118.5230624061705,2119.343929339783,413.0
Atlantic,2174.2,2137.974861237869,2137.4886073682433,2138.502752492747,582.0
Atlantic,2186.2,2152.4114986861205,2151.910661528714,2152.8789583600314,864.0
Atlantic,2233.2,2201.4168111079243,2201.2203544665417,2201.6225081578054,1284.0
Atlantic,2241.6,2216.641227147904,2216.4039269221907,2216.8598476619777,1579.0
Atlantic,2221.4,2208.5069254192986,2208.305664699231,2208.7002339853652,2367.0
Atlantic,2201.4,2205.5911596425485,2205.3977208164924,2205.7698158161384,2759.0
Atlantic,2215.8,2204.7083860563343,2204.513047873228,2204.891111352533,3149.0
Atlantic,2219.4,2208.7459133141533,2208.5092988983174,2208.970372272351,3541.0
Atlantic,2240.2,2223.9051623305672,2223.5059223278367,2224.2631997090316,3929.0
Atlantic,2258.5,2227.8082605153927,2227.3618665235404,2228.2072415507787,4147.0
Atlantic,2089.2,2078.563068216518,2078.3157975859704,2078.8265842679916,145.0
Atlantic,2103.7,2087.9271043291237,2087.6929141423093,2088.1769939494698,195.0
Atlantic,2111.4,2097.773583147988,2097.472392393408,2098.055716835751,236.0
Atlantic,2042.2,2046.3652140438146,2045.6881390809544,2046.9514788897802,8.0
Atlantic,2042.0,2049.0178997077905,2048.3871706797377,2049.5729753349615,23.0
Atlantic,2064.3,2072.9237434615693,2072.673434666025,2073.1976298041795,87.0
Atlantic,2094.9,2079.8317086980896,2079.5992895560107,2080.0891465892196,146.0
Atlantic,2139.9,2110.349863426515,2109.9936962122288,2110.7251850698785,343.0
Atlantic,2145.5,2120.032175445839,2119.6519405011404,2120.4843315837807,443.0
Atlantic,2169.6,2134.6000265203866,2134.1324933306832,2135.1236179974217,573.0
Atlantic,2187.9,2155.066153606646,2154.5749641332445,2155.528670178696,869.0
Atlantic,2208.2,2171.790629885825,2171.390605442533,2172.1436318540245,988.0
Atlantic,2216.4,2198.7570835330666,2198.5340418879878,2198.9654803706667,1236.0
Atlantic,2236.0,2214.577547702797,2214.363884043376,2214.7784416666223,1482.0
Atlantic,2224.9,2208.4342881576,2208.234136395119,2208.6265384263775,2264.0
Atlantic,2210.1,2201.9158943628863,2201.7408289458144,2202.072721679982,2855.0
Atlantic,2210.4,2204.426651299147,2204.2289195465682,2204.6159854156404,3248.0
Atlantic,2224.1,2208.507252984834,2208.2706041819392,2208.731683072893,3646.0
Atlantic,2079.5,2044.3534196540697,2043.6401673814244,2044.9776960588463,8.0
Atlantic,2081.0,2044.4096380316837,2043.694856640101,2045.0360911730459,24.0
Atlantic,2079.8,2047.9343487260794,2047.288884093885,2048.5155870523877,48.0
Atlantic,2086.0,2065.3800165645316,2065.033861658047,2065.712490642836,97.0
Atlantic,2107.0,2083.1280770623976,2082.9080941185352,2083.3855220748324,130.0
Atlantic,2114.7,2091.593355295705,2091.3357395677526,2091.8653955415016,154.0
Atlantic,2124.0,2100.661814864787,2100.357926380864,2100.9491890109443,220.0
Atlantic,2135.1,2109.4810783949765,2109.1363263068015,2109.8370060337247,296.0
Atlantic,2164.2,2132.996627529891,2132.5262911406053,2133.5216292452924,543.0
Atlantic,2177.2,2143.1793946622797,2142.67115385029,2143.6967917924317,692.0
Atlantic,2187.8,2155.140282722162,2154.6511906473147,2155.596762753664,831.0
Atlantic,2187.2,2160.6917269493665,2160.2281080985204,2161.1166499890387,889.0
Atlantic,2076.5,2043.2169751083795,2042.4800796802326,2043.8540717142603,8.0
Atlantic,2071.2,2043.8618924107984,2043.1291320692035,2044.494885383563,22.0
Atlantic,2098.0,2052.947440215389,2052.3836361437893,2053.438085726819,47.0
Atlantic,2105.0,2081.7552961872793,2081.5308860333535,2082.0108054594875,98.0
Atlantic,2127.4,2106.8558599863954,2106.522975688433,2107.186055813171,295.0
Atlantic,2136.6,2115.9584065964773,2115.5898312267686,2116.3761355619185,394.0
Atlantic,2156.0,2124.8882109648625,2124.4768284698193,2125.3703241252997,493.0
Atlantic,2169.2,2142.150140574414,2141.645681944603,2142.6752136094588,691.0
Atlantic,2176.7,2152.3371677826744,2151.837863597989,2152.8150404500325,839.0
Atlantic,2198.8,2172.559768825965,2172.1665022105053,2172.905304631608,988.0
Atlantic,2225.0,2212.436028370003,2212.242850819482,2212.615136319922,1481.0
Atlantic,2234.0,2213.729087410422,2213.499267360392,2213.9491720787128,1972.0
Atlantic,2217.5,2205.0319747264393,2204.851183888454,2205.2018680176348,2465.0
Atlantic,2213.1,2201.7751611263566,2201.6000415810736,2201.9330089104224,2952.0
Atlantic,2221.9,2204.3524259609167,2204.1522125211345,2204.545536788571,3438.0
Atlantic,2232.5,2211.54987596804,2211.291964255682,2211.792478909589,3992.0
Atlantic,2082.5,2048.859121944848,2048.239041664273,2049.4135907371237,9.0
Atlantic,2077.1,2051.2265446670726,2050.65571959192,2051.72563735566,22.0
Atlantic,2082.2,2060.7737821450064,2060.3594621095167,2061.131313661196,49.0
Atlantic,2102.3,2082.2507329359278,2082.0335818057592,2082.50297127964,145.0
Atlantic,2127.5,2101.1826196897414,2100.884759610932,2101.4636177342363,295.0
Atlantic,2142.2,2118.848720048817,2118.472834263262,2119.286762275328,444.0
Atlantic,2158.8,2129.645825393123,2129.1822728971556,2130.1619196980987,553.0
Atlantic,2187.6,2148.3781798525297,2147.8663490777117,2148.864212236503,849.0
Atlantic,2187.7,2157.372327813518,2156.8913754987975,2157.812993741913,929.0
Atlantic,2222.7,2194.0808025052916,2193.82949376267,2194.3101092037114,1214.0
Atlantic,2241.4,2213.6691027367815,2213.4725946353833,2213.859557291164,1511.0
Atlantic,2221.2,2214.4835088151467,2214.2528887006733,2214.708866885311,1973.0
Atlantic,2225.7,2210.4180925596474,2210.209016343545,2210.621742265229,2218.0
Atlantic,2210.0,2204.089126954549,2203.9006246237955,2204.2631582041267,2954.0
Atlantic,2213.1,2205.8975894071264,2205.6869632879198,2206.1037597210943,3444.0
Atlantic,2230.3,2211.285392795299,2211.029574396891,2211.526640938338,3931.0
Atlantic,2234.8,2214.9254292034043,2214.6315293384228,2215.1940032712655,4122.0
Atlantic,2082.8,2041.4517600780723,2040.657109395344,2042.1464251624088,8.0
Atlantic,2080.4,2052.1558665773705,2051.5857708254207,2052.6523564339827,21.0
Atlantic,2084.0,2060.698830637972,2060.2802838232888,2061.0564720379457,48.0
Atlantic,2101.4,2078.596894069012,2078.3524484770624,2078.8589544713777,97.0
Atlantic,2132.1,2104.4663172664054,2104.1441013166123,2104.7916155043263,254.0
Atlantic,2148.6,2117.245671952479,2116.874349467096,2117.6744317576663,403.0
Atlantic,2171.0,2137.0212756968217,2136.5415431327283,2137.5512809434263,583.0
Atlantic,2173.6,2139.6359954151585,2139.1192134098233,2140.160259856936,689.0
Atlantic,2176.3,2148.2198803703864,2147.7051794257295,2148.706570783228,847.0
Atlantic,2219.2,2204.4974421462543,2204.3128685266997,2204.688301429784,1295.0
Atlantic,2220.8,2212.711386776863,2212.5191596294767,2212.8940471863584,1499.0
Atlantic,2214.7,2212.9386649443327,2212.718672857815,2213.151814085665,2000.0
Atlantic,2195.6,2203.6384623803287,2203.4525438981336,2203.8086014841956,2997.0
Atlantic,2208.4,2207.483521467186,2207.258020291309,2207.700716372703,3499.0
Atlantic,2235.6,2223.9666434771575,2223.5696492508873,2224.3240529420514,4261.0
Atlantic,2035.9,2044.6476665144078,2043.9393105492425,2045.2700674386529,9.0
Atlantic,2077.0,2058.2422195274903,2057.778335911207,2058.636548321921,48.0
Atlantic,2097.0,2075.959260736461,2075.7172625569688,2076.229639413179,104.0
Atlantic,2108.4,2082.5935949502473,2082.385265505893,2082.837458230716,146.0
Atlantic,2150.1,2116.636411676941,2116.269849894071,2117.0515978699395,394.0
Atlantic,2162.8,2125.170290058416,2124.745431826458,2125.66082327386,492.0
Atlantic,2171.9,2136.151153950139,2135.641164236416,2136.679557249012,642.0
Atlantic,2193.0,2152.240453602171,2151.7412925852163,2152.70379483659,869.0
Atlantic,2219.9,2181.2729122741152,2180.948149093242,2181.572463525056,1087.0
Atlantic,2236.6,2214.5105847323675,2214.3023131999043,2214.7116646085387,1482.0
Atlantic,2213.4,2205.514709726098,2205.335583166021,2205.685320842598,2366.0
Atlantic,2212.5,2202.9230452961647,2202.7359210234818,2203.093091032292,3150.0
Atlantic,2213.3,2205.431349159971,2205.223600109828,2205.632764844733,3542.0
Atlantic,2228.6,2211.6692101605586,2211.4086603031255,2211.912266093057,3932.0
Atlantic,2247.5,2221.9997709529734,2221.6261788220595,2222.3367562629687,4316.0
Atlantic,2076.1,2047.9752336376325,2047.340613066115,2048.5445414087994,7.0
Atlantic,2070.0,2049.4024285639825,2048.7837506900332,2049.9482866165727,22.0
Atlantic,2073.6,2059.5610790613214,2059.1271962572746,2059.9449431532375,48.0
Atlantic,2106.6,2085.5214597537993,2085.31733041004,2085.763455637775,142.0
Atlantic,2125.3,2099.1579365525486,2098.885401029018,2099.422375499253,225.0
Atlantic,2128.4,2108.050190591353,2107.7145794879757,2108.3839158102687,343.0
Atlantic,2152.0,2129.2514636376736,2128.789062022741,2129.7654307654116,562.0
Atlantic,2177.8,2146.6373570803976,2146.120924367198,2147.1255446803275,829.0
Atlantic,2191.6,2166.136595295468,2165.702963976067,2166.5282593788243,987.0
Atlantic,2216.6,2191.481048509165,2191.227600663052,2191.7267335657866,1177.0
Atlantic,2231.7,2213.031460475614,2212.837074061876,2213.216142186184,1481.0
Atlantic,2217.4,2213.965625451953,2213.736999848509,2214.1868320454287,1973.0
Atlantic,2210.3,2204.929292702621,2204.7532665186063,2205.0963516304064,2465.0
Atlantic,2201.2,2202.116052072292,2201.9406710851003,2202.2731073907335,2953.0
Atlantic,2210.5,2204.0690210981534,2203.872255597556,2204.2556281453158,3444.0
Atlantic,2217.7,2210.8212267891845,2210.5701771382173,2211.0590269041754,3796.0
Atlantic,2224.8,2213.96365781349,2213.679710310021,2214.2234658097573,4042.0
Atlantic,2080.4,2041.5712609133961,2040.7915527058935,2042.2544491959322,8.0
Atlantic,2078.0,2054.33282018738,2053.8078893603883,2054.768098952106,38.0
Atlantic,2095.8,2077.7402174964604,2077.4957857329673,2078.0052727126254,103.0
Atlantic,2128.2,2103.586440359797,2103.2818560264004,2103.884457881308,280.0
Atlantic,2147.4,2115.4164583455163,2115.0493435938524,2115.829259468118,393.0
Atlantic,2164.6,2135.931816843501,2135.455122269262,2136.462171270144,607.0
Atlantic,2177.0,2145.3590491334962,2144.8395395877824,2145.8583531143163,833.0
Atlantic,2197.9,2170.631820053874,2170.2190972620488,2171.0018929893804,988.0
Atlantic,2223.8,2198.3383659351034,2198.1032387717023,2198.555342220957,1234.0
Atlantic,2232.3,2215.3072955132407,2215.087409821621,2215.5139227186196,1481.0
Atlantic,2217.7,2214.607613754163,2214.370753255238,2214.837314682959,1973.0
Atlantic,2200.7,2202.3708668608206,2202.1995047471846,2202.525580883288,2759.0
Atlantic,2203.0,2203.00821490102,2202.8218766056784,2203.1774646916742,3150.0
Atlantic,2213.0,2207.542811472935,2207.3168247258886,2207.760755856252,3541.0
Atlantic,2227.6,2215.6004655514516,2215.299892593492,2215.8753564364392,3999.0
Atlantic,2083.1,2038.040324972504,2037.1400525947936,2038.8476791996238,8.0
Atlantic,2086.3,2054.047834800009,2053.4964845335976,2054.5161700002873,47.0
Atlantic,2126.4,2099.5011362784144,2099.193806745525,2099.7960177182,224.0
Atlantic,2153.0,2121.078222737457,2120.6964505622254,2121.529545945457,448.0
Atlantic,2173.0,2140.8906771706356,2140.3736916527246,2141.4127894098256,730.0
Atlantic,2183.5,2149.5291248070002,2149.0202536174347,2150.0076022156964,876.0
Atlantic,2226.3,2193.016038801674,2192.7583505733146,2193.2579858314616,1184.0
Atlantic,2233.4,2214.9481040021587,2214.745032827535,2215.1489738888213,1481.0
Atlantic,2231.7,2218.7624655872464,2218.5059748976846,2219.013236995543,1721.0
Atlantic,2208.1,2202.897614110557,2202.7241160088465,2203.0529931016868,2505.0
Atlantic,2207.3,2202.0701499480447,2201.8914195037164,2202.2299968231514,3006.0
Atlantic,2228.7,2214.126225450324,2213.8420575081277,2214.387200506104,4009.0
Atlantic,2236.3,2217.913900752592,2217.5876886122505,2218.210091645241,4467.0
Atlantic,2077.1,2045.7940988231758,2045.094698985467,2046.406220252068,9.0
Atlantic,2080.9,2061.6791899929467,2061.2614048951473,2062.0423712197294,58.0
Atlantic,2088.6,2076.630436181904,2076.3974871469654,2076.891547968273,107.0
Atlantic,2090.7,2086.377592800358,2086.1705607111558,2086.6180061953924,146.0
Atlantic,2136.7,2111.3605563130072,2111.0021853130397,2111.7342837793212,295.0
Atlantic,2163.6,2134.686114706979,2134.196280767218,2135.2165626360834,582.0
Atlantic,2181.0,2149.6936944430227,2149.18472225414,2150.172151514595,869.0
Atlantic,2205.5,2177.557196896163,2177.2010995111114,2177.877039264831,1086.0
Atlantic,2234.7,2217.485151214203,2217.245628656655,2217.7051877963404,1481.0
Atlantic,2213.6,2210.4607723332283,2210.2543073422744,2210.6628551403983,2071.0
Atlantic,2204.3,2203.00995573291,2202.8303018505335,2203.1720809257363,2857.0
Atlantic,2218.5,2206.1631003731914,2205.9494680369608,2206.3727519172253,3536.0
Atlantic,2233.6,2214.7717874906525,2214.4801326885645,2215.038800262708,4116.0
Atlantic,2072.4,2049.068195146199,2048.4516395418486,2049.618834817483,8.0
Atlantic,2072.4,2050.9355116331826,2050.355116407346,2051.4457670955185,23.0
Atlantic,2075.3,2058.7893627995245,2058.335639312966,2059.179537342202,49.0
Atlantic,2096.0,2080.006702371172,2079.7799166790505,2080.262002626493,103.0
Atlantic,2121.0,2102.941428768636,2102.627747610905,2103.247983513873,246.0
Atlantic,2151.0,2116.160128226651,2115.7919667483093,2116.5788841936,405.0
Atlantic,2144.0,2129.9298591491133,2129.4819612048987,2130.4387973401845,544.0
Atlantic,2163.8,2140.1283313947474,2139.6051213678193,2140.642804872443,759.0
Atlantic,2182.0,2144.697312699301,2144.1772576030053,2145.197520833386,819.0
Atlantic,2200.1,2173.916970464031,2173.526729103913,2174.26113410839,1028.0
Atlantic,2218.1,2197.184557579478,2196.9422027003075,2197.4042380150713,1244.0
Atlantic,2236.6,2215.6673470544047,2215.458452164971,2215.8736494514433,1482.0
Atlantic,2227.6,2213.8244277696526,2213.592708968087,2214.0506433506607,1974.0
Atlantic,2199.7,2203.506793484038,2203.317665586402,2203.680723862271,2954.0
Atlantic,2201.8,2206.028068190145,2205.8151933449826,2206.2354593279247,3444.0
Atlantic,2228.0,2213.7666838703826,2213.484339483492,2214.025052495197,4008.0
Atlantic,2080.1,2044.9468410890731,2044.2245413499372,2045.5828438373012,8.0
Atlantic,2081.7,2054.362328249284,2053.8393777173983,2054.818285341266,22.0
Atlantic,2082.0,2054.2293238425077,2053.6645855747474,2054.7112464360353,48.0
Atlantic,2099.4,2077.7974901632233,2077.576259712626,2078.027600449447,121.0
Atlantic,2142.0,2115.070399788605,2114.704918631836,2115.471623553493,394.0
Atlantic,2168.0,2138.090190611014,2137.614815960439,2138.6209967198984,620.0
Atlantic,2173.1,2140.426455132292,2139.90120250064,2140.9341618589765,820.0
Atlantic,2189.4,2159.6799723536815,2159.209440256243,2160.107083002657,989.0
Atlantic,2234.9,2196.7953329853513,2196.561619146572,2197.006381434736,1284.0
Atlantic,2237.9,2215.49114395415,2215.284242291066,2215.695059523105,1481.0
Atlantic,2236.5,2219.538186311964,2219.2754713887844,2219.793044990256,1727.0
Atlantic,2217.0,2206.1951336345246,2206.0061465882914,2206.3740929784963,2465.0
Atlantic,2207.0,2203.213709763395,2203.0265544239073,2203.3845361045255,2955.0
Atlantic,2223.2,2211.36807515028,2211.1113269691655,2211.609380063255,3737.0
Atlantic,2230.6,2215.045943157657,2214.749933622674,2215.3160940299263,3992.0
Atlantic,2083.0,2052.6128894766416,2052.0142089368096,2053.132000548179,9.0
Atlantic,2085.0,2056.7862893499378,2056.274811012757,2057.198323254201,22.0
Atlantic,2085.6,2060.824608021798,2060.3668060862765,2061.192988014291,48.0
Atlantic,2112.5,2095.899366496924,2095.641672350537,2096.1562782612386,246.0
Atlantic,2132.1,2108.888925713464,2108.5352541405323,2109.247976397094,355.0
Atlantic,2148.0,2122.9855539867167,2122.596180511796,2123.4499652759073,513.0
Atlantic,2175.2,2142.947176346273,2142.435420324038,2143.4673232656824,770.0
Atlantic,2175.0,2150.531521171926,2150.0266462472396,2151.0178290345075,859.0
Atlantic,2177.6,2163.175150895848,2162.719816322339,2163.594024765546,978.0
Atlantic,2210.6,2190.6547666338884,2190.3857262436704,2190.9145856020114,1206.0
Atlantic,2225.0,2214.3610696195037,2214.159354788417,2214.556045375518,1483.0
Atlantic,2228.6,2219.9517436680594,2219.68441380181,2220.210022647109,1757.0
Atlantic,2212.8,2214.5900650783387,2214.3537862269027,2214.8189407780224,2024.0
Atlantic,2201.9,2204.83257426825,2204.6565749467372,2204.999403240073,2465.0
Atlantic,2197.6,2202.6183626748357,2202.4396368586545,2202.7785994296073,2956.0
Atlantic,2204.7,2204.0918450593017,2203.897552093733,2204.2749429767773,3444.0
Atlantic,2213.8,2212.3536566301427,2212.0867261069775,2212.6007900899067,3908.0
Atlantic,2090.6,2045.578614987919,2044.8467797689448,2046.2228675659715,8.0
Atlantic,2092.6,2054.10349688288,2053.5437578926617,2054.5782299254442,22.0
Atlantic,2094.2,2062.600214440492,2062.172979761259,2062.9473787301145,71.0
Atlantic,2110.4,2083.0989053664352,2082.918160637107,2083.3331372781277,196.0
Atlantic,2119.1,2094.017907839718,2093.776720675107,2094.265046830295,274.0
Atlantic,2155.1,2118.0080936665568,2117.6359205259073,2118.4381384806143,501.0
Atlantic,2172.8,2137.756096759734,2137.260206395225,2138.285845153792,692.0
Atlantic,2192.4,2157.786344951062,2157.3094661416953,2158.22594709103,949.0
Atlantic,2205.1,2175.0680516510283,2174.6901296676697,2175.4031140092484,1087.0
Atlantic,2214.4,2183.8644003416734,2183.5502693733156,2184.150645855433,1174.0
Atlantic,2235.5,2213.749010600637,2213.5476922381226,2213.9377120097092,1477.0
Atlantic,2223.7,2211.400187718663,2211.1955319343324,2211.6011668900223,1958.0
Atlantic,2206.6,2203.224093456175,2203.0539226999376,2203.379762625326,2465.0
Atlantic,2209.8,2202.668363066273,2202.4795585146708,2202.8397478043053,3470.0
Atlantic,2213.8,2205.4309135327358,2205.2239727775564,2205.629560570939,3727.0
Atlantic,2064.3,2040.5529099373084,2039.7554559474472,2041.258953391351,8.0
Atlantic,2068.6,2050.448878161113,2049.8486697018916,2050.987079233765,38.0
Atlantic,2079.7,2069.036254402866,2068.7468136343055,2069.343142595325,89.0
Atlantic,2114.5,2100.7825677576434,2100.485478349377,2101.075094718979,295.0
Atlantic,2151.8,2130.674579753969,2130.1849232909967,2131.2018607072346,537.0
Atlantic,2161.2,2138.3449401024086,2137.819946337708,2138.839608238145,824.0
Atlantic,2190.0,2171.1153672031915,2170.7123025459427,2171.4666801139065,1061.0
Atlantic,2221.2,2216.684801347439,2216.4495075132563,2216.9025000986426,1510.0
Atlantic,2210.7,2210.2136266792195,2210.016853341521,2210.4077894847815,1975.0
Atlantic,2200.2,2201.8465202528055,2201.6829433672924,2201.9971602433698,2465.0
Atlantic,2201.1,2201.0629387896574,2200.896946670367,2201.215180846067,2956.0
Atlantic,2205.0,2201.24250513471,2201.0706225386734,2201.4008194311086,3199.0
Atlantic,2200.8,2202.138790666473,2201.9561545976894,2202.305146805757,3579.0
Atlantic,2076.5,2037.3551798348974,2036.4826954202454,2038.1243759419185,9.0
Atlantic,2036.0,2053.102166978114,2052.552389352898,2053.5704038999247,46.0
Atlantic,2085.2,2061.46574471406,2061.0569857945807,2061.822790967925,70.0
Atlantic,2127.6,2096.8540052810463,2096.6129593400506,2097.093718969304,241.0
Atlantic,2166.8,2127.2891350089267,2126.861714677115,2127.7817595789184,484.0
Atlantic,2183.9,2144.213455066039,2143.69679755743,2144.696028815194,829.0
Atlantic,2228.0,2199.3707606533753,2199.1442362135067,2199.584733929989,1234.0
Atlantic,2254.6,2218.516568255187,2218.2646977624386,2218.7498235362864,1474.0
Atlantic,2237.7,2216.3566075616823,2216.110823766938,2216.5967921992165,1776.0
Atlantic,2212.5,2202.2788658316513,2202.120291685637,2202.4282490460737,2220.0
Atlantic,2209.6,2200.982948040773,2200.8212009247,2201.1335843753113,2708.0
Atlantic,2213.6,2201.5538663167254,2201.382089484015,2201.709327384792,2953.0
Atlantic,2213.7,2201.6837891570467,2201.510377710547,2201.840511649092,3174.0
Atlantic,2068.2,2039.7388251981924,2038.9194651979114,2040.4624322340724,7.0
Atlantic,2076.7,2060.0475592023986,2059.6143404080285,2060.42453608523,48.0
Atlantic,2087.2,2072.4409529199274,2072.182244087576,2072.7071971711457,79.0
Atlantic,2119.0,2097.4061194373844,2097.174815233126,2097.635723802167,260.0
Atlantic,2137.2,2113.5050194793885,2113.142140122024,2113.9127471646525,385.0
Atlantic,2151.9,2127.845000879103,2127.4115674483232,2128.3421675924747,490.0
Atlantic,2160.7,2137.9270452143774,2137.4381099813886,2138.4564635245756,591.0
Atlantic,2174.8,2151.505234258215,2151.00292546638,2151.9841499304525,822.0
Atlantic,2202.8,2184.263446703135,2183.954549173996,2184.5438461817193,1089.0
Atlantic,2218.6,2204.207795301276,2204.023838655302,2204.396228955315,1283.0
Atlantic,2247.4,2216.229541324196,2216.0069223579035,2216.4409527202797,1481.0
Atlantic,2219.4,2215.163110781926,2214.936036379569,2215.3883684116113,1727.0
Atlantic,2208.8,2208.7649560357536,2208.5800601240026,2208.9482244339556,1973.0
Atlantic,2193.3,2199.410082774639,2199.262418323179,2199.5454777678115,2497.0
Atlantic,2197.1,2199.0292264117984,2198.8747827549,2199.1682360454456,2710.0
Atlantic,2190.9,2201.716034619047,2201.5376091517537,2201.879304371748,3127.0
Atlantic,2078.9,2048.401426639514,2047.7588516534454,2048.9664414467807,8.0
Atlantic,2077.0,2059.373064207066,2058.925871818797,2059.755805731999,23.0
Atlantic,2086.2,2069.0029517647,2068.706573653626,2069.288907640636,49.0
Atlantic,2098.0,2080.9772210244414,2080.767187096104,2081.221832033627,96.0
Atlantic,2131.3,2100.6815607920853,2100.3852984662813,2100.9607559503447,243.0
Atlantic,2151.5,2118.190103351217,2117.803491052432,2118.64930613401,443.0
Atlantic,2183.1,2143.5259699959656,2143.003758479999,2144.0156591972886,806.0
Atlantic,2231.7,2196.9474391439526,2196.7072912972462,2197.164997453909,1227.0
Atlantic,2235.5,2219.413072691979,2219.15065381762,2219.668298355481,1716.0
Atlantic,2219.4,2209.9740997731888,2209.7757574098296,2210.170204574477,2023.0
Atlantic,2206.5,2202.986038333995,2202.8103004298696,2203.1422477276146,2495.0
Atlantic,2205.4,2200.473390166393,2200.3139231743053,2200.6206569749584,2708.0
Atlantic,2207.0,2202.4334653281417,2202.250530786429,2202.5985565293013,2950.0
Atlantic,2204.6,2201.688656970089,2201.51279890527,2201.8477654450016,3201.0
Atlantic,2069.6,2046.0973303206345,2045.4198631097288,2046.696453830101,5.0
Atlantic,2084.0,2066.7076880245986,2066.379076095073,2067.0103407293495,49.0
Atlantic,2105.1,2088.7951257236414,2088.6157123875455,2089.011042138954,98.0
Atlantic,2122.3,2095.6568740239927,2095.455601285951,2095.863438521808,196.0
Atlantic,2128.3,2106.822442647758,2106.4983959902033,2107.1401863408046,295.0
Atlantic,2149.1,2126.1612244652106,2125.7175160118495,2126.6631089848984,482.0
Atlantic,2157.8,2132.7352297547454,2132.2269308586497,2133.2635935867866,591.0
Atlantic,2170.1,2142.745229662645,2142.223736995271,2143.239438457152,789.0
Atlantic,2199.9,2167.98500334531,2167.560559431122,2168.361771279382,990.0
Atlantic,2221.0,2202.5956062017412,2202.408068730697,2202.7886531625413,1276.0
Atlantic,2234.9,2217.523200378534,2217.2830513042445,2217.7435308031445,1482.0
Atlantic,2223.8,2218.67348414511,2218.4169725691486,2218.925021269393,1727.0
Atlantic,2219.0,2212.263682755204,2212.0495448472284,2212.474904612942,1972.0
Atlantic,2198.4,2202.52620557193,2202.355578600757,2202.67892272785,2465.0
Atlantic,2205.3,2200.752117232946,2200.580964311019,2200.9075973450913,2926.0
Atlantic,2201.6,2203.169580396156,2202.974379257088,2203.3495611847907,3184.0
Pacific,2064.3,2047.9361229564086,2047.6360849315172,2048.2288354322277,4.0
Pacific,2064.3,2047.895500841508,2047.6029825736323,2048.187150617986,50.0
Pacific,2063.0,2047.467183309487,2047.174010111914,2047.7587795356537,75.0
Pacific,2081.9,2066.073252005922,2065.8026878773867,2066.375353158042,101.0
Pacific,2107.4,2097.4145273859926,2097.179273278402,2097.6969496665024,149.0
Pacific,2114.4,2107.709587699117,2107.4967068248425,2107.956505554794,198.0
Pacific,2122.0,2116.5294784518464,2116.3251477549197,2116.755118256513,248.0
Pacific,2130.8,2121.095000821219,2120.910952889424,2121.2763141998294,297.0
Pacific,2138.8,2130.8588694469,2130.6686984402013,2131.0316842470847,346.0
Pacific,2139.9,2134.3157991321104,2134.137027707269,2134.4933294894536,398.0
Pacific,2141.0,2139.9550910772186,2139.7636252387997,2140.137833540038,498.0
Pacific,2148.5,2144.8572579523398,2144.6653355140597,2145.0341036591667,596.0
Pacific,2149.2,2150.538041817743,2150.34825716495,2150.728028869028,697.0
Pacific,2152.5,2159.0406974115485,2158.8559143843618,2159.238675327713,796.0
Pacific,2164.6,2173.1939079441345,2173.0148703931736,2173.3868234202637,891.0
Pacific,2178.4,2190.470772563441,2190.301396561612,2190.6519620361105,993.0
Pacific,2211.2,2225.3877689313285,2225.2461817213575,2225.551308999134,1190.0
Pacific,2239.0,2255.7707324016765,2255.642738103625,2255.9065970435977,1388.0
Pacific,2264.7,2276.2975118747518,2276.167837889021,2276.4176855844703,1585.0
Pacific,2283.2,2289.4041002629815,2289.285729455594,2289.5181566822716,1781.0
Pacific,2294.1,2296.474770744268,2296.358580962532,2296.575363829766,1978.0
Pacific,2307.4,2307.2045778743077,2307.088995726877,2307.3114640810318,2469.0
Pacific,2306.2,2305.989348853843,2305.861467627801,2306.1055154710684,2959.0
Pacific,2286.9,2296.593283113114,2296.440879249985,2296.7296674864187,3252.0
Pacific,2260.3,2284.6479225189946,2284.45683360762,2284.8160746715016,3936.0
Pacific,2262.4,2284.4887933353616,2284.290100301537,2284.6628425282147,4714.0
Pacific,2262.5,2284.0660619946934,2283.867721448595,2284.2396473174563,5101.0
Pacific,2264.3,2283.7394177036476,2283.5412774327865,2283.9127969582455,5291.0
Pacific,2263.6,2283.933127793302,2283.736194427615,2284.105341063832,5478.0
Pacific,2061.2,2048.7826147480678,2048.4442932607226,2049.0925948480635,7.0
Pacific,2145.5,2147.4036046275032,2147.210430172044,2147.598667671485,685.0
Pacific,2308.9,2308.2961604825837,2308.181293702678,2308.4022405228434,2552.0
Pacific,2264.0,2284.3557060779917,2284.1584589507847,2284.528238893381,5232.0
Pacific,2062.8,2048.902785685872,2048.5593197382345,2049.216184732826,7.0
Pacific,2062.3,2048.385643130168,2048.043613021306,2048.6975289955067,66.0
Pacific,2077.8,2064.4013531586174,2064.1122891991686,2064.7182156566555,91.0
Pacific,2096.3,2089.3053514933326,2089.043395769303,2089.6096590994425,136.0
Pacific,2104.3,2097.7882612616645,2097.5580543281812,2098.071707954963,186.0
Pacific,2112.4,2102.905134379658,2102.6780204162733,2103.1674647113673,234.0
Pacific,2126.0,2117.534282883571,2117.339272653433,2117.745025748356,334.0
Pacific,2131.9,2125.980148174781,2125.795839976521,2126.1585429750603,373.0
Pacific,2139.6,2133.6598077636445,2133.469964954477,2133.8418647535373,462.0
Pacific,2140.4,2135.3019454781643,2135.103302214425,2135.4797125786613,546.0
Pacific,2146.3,2143.8178104321573,2143.6230351020577,2143.9986437711746,660.0
Pacific,2149.5,2152.5033361537808,2152.314631401375,2152.698827592182,760.0
Pacific,2168.7,2179.813865262208,2179.638442688665,2180.0052110284823,956.0
Pacific,2199.2,2213.8735196081598,2213.7226339675817,2214.0480036685294,1125.0
Pacific,2205.0,2219.7432377333666,2219.597494900908,2219.9135819905487,1149.0
Pacific,2222.2,2238.781782606491,2238.645865517801,2238.937301461961,1288.0
Pacific,2244.5,2258.9710549009055,2258.8443435674703,2259.1026134141966,1426.0
Pacific,2265.2,2278.3197215591854,2278.1912806632413,2278.439429493882,1617.0
Pacific,2284.9,2289.821381551729,2289.7038234373326,2289.9346925037607,1805.0
Pacific,2296.5,2297.9440371751493,2297.8271277786307,2298.0435529597826,2040.0
Pacific,2304.0,2303.620692926828,2303.505927051088,2303.723231350897,2287.0
Pacific,2310.2,2307.576590198917,2307.4615565452573,2307.682977922489,2565.0
Pacific,2300.4,2303.9171360669206,2303.783074362379,2304.0399656581208,3036.0
Pacific,2281.0,2293.8283234985915,2293.66880895833,2293.9705266115616,3316.0
Pacific,2261.4,2284.6440134702557,2284.4519531882443,2284.8128374820167,4022.0
Pacific,2264.0,2284.661889672486,2284.4645712392894,2284.834926269698,4412.0
Pacific,2264.2,2284.2975350456895,2284.099932722106,2284.4704110191883,5194.0
Pacific,2263.9,2283.9936083130124,2283.79646164149,2284.166030975787,5439.0
Pacific,2057.8,2045.6523636427123,2045.2883834453737,2045.975678121806,5.0
Pacific,2145.6,2148.002341271424,2147.8086443089883,2148.2034707857133,696.0
Pacific,2312.2,2310.0099821071963,2309.8954898232987,2310.117078973692,2616.0
Pacific,2265.0,2283.922022713916,2283.7248904638404,2284.0944288590304,5443.0
Pacific,2057.3,2044.82456562256,2044.458715708051,2045.1485815915712,5.0
Pacific,2055.3,2044.6732602932545,2044.309221129955,2044.9954188525685,60.0
Pacific,2059.4,2044.4609750089646,2044.0999412119274,2044.7804286650965,91.0
Pacific,2088.4,2078.4809185273757,2078.1775588763576,2078.817270871395,115.0
Pacific,2099.4,2091.2386457306584,2090.9632728764855,2091.5501313312943,165.0
Pacific,2105.8,2098.949300069089,2098.719476421777,2099.2301557060355,215.0
Pacific,2114.4,2105.5440958249387,2105.3199289669374,2105.8094446448213,265.0
Pacific,2127.7,2120.5722761425313,2120.3748362632105,2120.794417864384,323.0
Pacific,2133.0,2129.7282944571266,2129.5334400797133,2129.9247639333457,363.0
Pacific,2140.2,2137.1658361576965,2136.977969816131,2137.333228369596,422.0
Pacific,2142.0,2141.95019523925,2141.759068384786,2142.1300701175005,531.0
Pacific,2145.3,2147.337114693294,2147.144467053522,2147.5194807430325,630.0
Pacific,2151.5,2155.7257409825106,2155.5396343978496,2155.9192745251516,729.0
Pacific,2155.8,2164.645418459613,2164.462893246946,2164.8426531143946,828.0
Pacific,2184.1,2198.8375291225584,2198.6742887440446,2199.018577258057,1026.0
Pacific,2216.6,2231.4012390272883,2231.2627994206928,2231.564371263865,1228.0
Pacific,2237.6,2253.8624579491525,2253.7337940533043,2254.002609655061,1387.0
Pacific,2256.5,2273.2446033592796,2273.11405377782,2273.3675320768966,1545.0
Pacific,2279.0,2289.1105404296504,2288.9919729428007,2289.225539653417,1747.0
Pacific,2295.8,2298.426327803425,2298.309167231177,2298.525475072735,1953.0
Pacific,2303.5,2303.8724741348306,2303.757156045741,2303.976707473995,2208.0
Pacific,2308.2,2307.5632214709863,2307.4474651756436,2307.670133726417,2454.0
Pacific,2312.2,2310.394174512063,2310.2784478058697,2310.502057831234,2699.0
Pacific,2310.4,2309.232103701455,2309.1102606807935,2309.3429436605343,2949.0
Pacific,2262.4,2284.7503976833086,2284.5624279415824,2284.9163024544587,3887.0
Pacific,2261.4,2284.5224195909027,2284.3242524582442,2284.6959588948207,4676.0
Pacific,2263.9,2283.776525375418,2283.5790242215185,2283.9492848841005,5398.0
Pacific,2263.1,2283.5965910766568,2283.3993746719666,2283.7690675099198,5548.0
Pacific,2045.0,2039.182758747848,2038.8082387948436,2039.5098826401065,20.0
Pacific,2147.4,2147.5465760313027,2147.354976660053,2147.7295148542657,659.0
Pacific,2311.4,2309.6795749446774,2309.566159972294,2309.7859938980287,2531.0
Pacific,2264.5,2283.9681919443306,2283.771428988495,2284.1402408480467,5491.0
Pacific,2044.4,2035.1061783552695,2034.7376103369493,2035.4296292871463,3.0
Pacific,2044.9,2035.5032328401037,2035.1328723807953,2035.8277607447765,51.0
Pacific,2056.5,2044.0644604636634,2043.7241923249844,2044.373007941658,102.0
Pacific,2082.4,2078.178658793765,2077.874657735906,2078.51681379782,150.0
Pacific,2092.6,2086.514318500618,2086.225790699391,2086.8450012059984,200.0
Pacific,2100.5,2093.043386142486,2092.7706779891523,2093.3561662602983,248.0
Pacific,2116.5,2109.3116468701155,2109.1030921875754,2109.564797354654,349.0
Pacific,2126.4,2124.225802317281,2124.036665110479,2124.4283534651154,400.0
Pacific,2138.3,2136.520341108818,2136.3441007254823,2136.6956723450057,496.0
Pacific,2141.9,2140.8009602080533,2140.6091078633617,2140.975669357716,595.0
Pacific,2142.6,2143.433726324502,2143.241188985574,2143.6124818781973,645.0
Pacific,2154.5,2155.7673274257327,2155.5807709317087,2155.966002445183,794.0
Pacific,2160.0,2169.2000613091523,2169.019505741784,2169.3958119063004,892.0
Pacific,2172.4,2186.3783536624574,2186.2066752942314,2186.5647379368124,991.0
Pacific,2189.8,2203.772859615995,2203.6129727657276,2203.9492032634444,1090.0
Pacific,2207.5,2223.6772385557915,2223.534368315276,2223.8402320157256,1188.0
Pacific,2231.9,2248.0180785225243,2247.888966426516,2248.1609223430364,1337.0
Pacific,2250.7,2266.953543414722,2266.8241856076907,2267.0766675315895,1484.0
Pacific,2273.3,2284.6407545733423,2284.518850861567,2284.7582693312456,1683.0
Pacific,2290.8,2295.678614110079,2295.5636795363266,2295.7798286054663,1880.0
Pacific,2309.6,2307.2991867805945,2307.1854018408517,2307.404732262384,2371.0
Pacific,2312.3,2310.2476574617485,2310.1339058312024,2310.354704007476,2616.0
Pacific,2305.9,2306.6942345659886,2306.5638464502554,2306.8125818179587,3132.0
Pacific,2282.0,2295.278593022077,2295.121040147479,2295.418982413634,3423.0
Pacific,2262.4,2284.6984684437343,2284.503825652566,2284.8692298417077,4150.0
Pacific,2261.3,2284.5821577566585,2284.3839330322385,2284.7558431633825,4545.0
Pacific,2262.9,2284.3511273724366,2284.1540126649393,2284.5236381209293,5297.0
Pacific,2265.5,2283.916184512647,2283.7195069418053,2284.088148624108,5530.0
Pacific,2044.0,2037.5935307652933,2037.216076664398,2037.922172581449,5.0
Pacific,2146.5,2149.8954187921245,2149.703458242625,2150.0972490472273,732.0
Pacific,2303.8,2305.1615551731265,2305.0492845063427,2305.265265307546,2209.0
Pacific,2264.4,2283.8843381741212,2283.6876748935956,2284.05628728221,5542.0
Pacific,2044.2,2035.1332349327552,2034.758603856099,2035.460128856904,6.0
Pacific,2043.4,2034.9974808424117,2034.6229089780618,2035.3243103285129,41.0
Pacific,2046.0,2035.4938410696584,2035.116375166824,2035.8223172567791,65.0
Pacific,2064.5,2051.1342756806357,2050.8076070932034,2051.438932373729,100.0
Pacific,2084.2,2075.7180489985717,2075.413079542143,2076.0560176588274,135.0
Pacific,2093.9,2087.3550059566487,2087.067004038898,2087.6811610533236,183.0
Pacific,2100.2,2093.4575528234896,2093.187698161733,2093.768337656147,233.0
Pacific,2106.6,2101.8229849183026,2101.584675524264,2102.1119037852413,283.0
Pacific,2117.0,2113.755843475436,2113.547412204685,2114.006784101637,333.0
Pacific,2123.0,2118.886041914537,2118.688405062735,2119.117414708951,373.0
Pacific,2135.8,2134.0040084188,2133.8206852239095,2134.171120531455,461.0
Pacific,2140.8,2140.078771038149,2139.8871104841432,2140.256743461395,561.0
Pacific,2145.9,2145.6185865442717,2145.425023148352,2145.8072620535913,660.0
Pacific,2147.4,2153.1592898277713,2152.969426649194,2153.361302453549,759.0
Pacific,2156.1,2166.1170597298,2165.9352573859355,2166.314956844636,856.0
Pacific,2170.8,2182.180508666542,2182.006388381978,2182.369962961422,956.0
Pacific,2187.5,2203.4672683186254,2203.307080805711,2203.6434705968213,1057.0
Pacific,2201.5,2218.6540338961495,2218.5067449172275,2218.821724932799,1150.0
Pacific,2250.1,2267.032691620256,2266.90343710955,2267.155965215263,1426.0
Pacific,2269.8,2282.527375696017,2282.403632374972,2282.6457520419367,1618.0
Pacific,2287.8,2294.0481180032257,2293.9341287400894,2294.152439208563,1806.0
Pacific,2297.1,2301.75078153494,2301.636871813981,2301.8514091802804,2041.0
Pacific,2308.2,2306.400235823458,2306.2859507618155,2306.5060053748375,2287.0
Pacific,2310.3,2309.244882587682,2309.130101804159,2309.3513998580224,2533.0
Pacific,2312.5,2310.273897960538,2310.1566186870027,2310.382228859793,2779.0
Pacific,2304.6,2307.3752459685547,2307.2474073605804,2307.4909609806814,3038.0
Pacific,2285.7,2296.3291476297154,2296.1743866611564,2296.4672585886087,3317.0
Pacific,2261.9,2284.8406983964383,2284.6472405931922,2285.010528711456,4023.0
Pacific,2262.7,2284.713248702267,2284.5150081652564,2284.886664955915,4806.0
Pacific,2263.7,2284.534321102599,2284.3371446484407,2284.7067913471446,5196.0
Pacific,2263.7,2284.452471072485,2284.2558634311918,2284.624385790384,5346.0
Pacific,2263.0,2284.073974652375,2283.8775809050317,2284.2456684717686,5531.0
Pacific,2049.9,2038.5740011123191,2038.1958548054665,2038.903818015929,6.0
Pacific,2145.0,2152.087078812622,2151.8977404427383,2152.281695771176,724.0
Pacific,2311.9,2309.9098643330717,2309.795961237645,2310.01667179946,2518.0
Pacific,2263.6,2283.8359271293116,2283.638458653061,2284.0087636880176,5409.0
Pacific,2045.6,2035.258873197675,2034.883493171475,2035.5861048083545,5.0
Pacific,2049.5,2038.3109198170896,2037.9330470274472,2038.6404736496106,35.0
Pacific,2056.4,2035.0308487657628,2034.6707493006954,2035.3491181841794,85.0
Pacific,2080.7,2070.86238366224,2070.54689887278,2071.1928999810993,114.0
Pacific,2087.4,2082.0201355294184,2081.718713772256,2082.36499146731,166.0
Pacific,2095.6,2090.667613738103,2090.3958581709107,2090.991070023711,215.0
Pacific,2104.3,2097.3244728578916,2097.07593237396,2097.6274397590073,263.0
Pacific,2110.9,2104.5396703578267,2104.316385463255,2104.819814090082,314.0
Pacific,2115.6,2109.2646970144997,2109.0477526231375,2109.5239527826625,363.0
Pacific,2131.1,2127.9695407080276,2127.7746929271916,2128.1707398393087,432.0
Pacific,2140.2,2140.602202657286,2140.4169515088397,2140.7808267955106,533.0
Pacific,2144.4,2145.369771029602,2145.179485962275,2145.5436358287075,630.0
Pacific,2147.1,2148.800647103345,2148.6097025830504,2148.9908405611272,730.0
Pacific,2165.0,2175.778759506675,2175.6012532870427,2175.9716272126198,927.0
Pacific,2182.4,2195.4830292445554,2195.317055717111,2195.661098861636,1026.0
Pacific,2216.0,2233.475946516439,2233.341429391849,2233.63217768983,1223.0
Pacific,2250.4,2265.9644907013185,2265.836914293745,2266.0869084562146,1450.0
Pacific,2275.0,2284.733553152193,2284.6122340197485,2284.8504917219607,1646.0
Pacific,2290.1,2295.066941015464,2294.9532635683177,2295.169538228435,1844.0
Pacific,2300.8,2302.1002993497664,2301.986882178626,2302.200957561292,2062.0
Pacific,2308.4,2307.3827220639923,2307.2694267131214,2307.487880763985,2307.0
Pacific,2313.8,2310.2829472551875,2310.1695573890074,2310.389898694977,2553.0
Pacific,2313.6,2311.1114734998273,2310.9939181944665,2311.220658799452,2797.0
Pacific,2305.6,2307.0592822925832,2306.9290929202725,2307.1775731149646,3057.0
Pacific,2265.1,2285.8932861428293,2285.7080310664564,2286.0572992915327,3644.0
Pacific,2262.5,2284.951697129278,2284.7541530742988,2285.1246197035944,4228.0
Pacific,2262.6,2284.7935631129944,2284.5948671479287,2284.9674083080095,4554.0
Pacific,2263.2,2284.961055554361,2284.7632552941755,2285.133947446348,4943.0
Pacific,2263.5,2284.491148014952,2284.293819750913,2284.663871090276,5182.0
Pacific,2033.8,2027.7426916088236,2027.3814012726893,2028.0596094379707,6.0
Pacific,2148.0,2150.777095043101,2150.5871401498225,2150.9786492273024,759.0
Pacific,2314.2,2309.216834971126,2309.102959186649,2309.3229942310168,2533.0
Pacific,2264.4,2284.182974352509,2283.986168244551,2284.3550726599137,5394.0
Pacific,2036.7,2029.1641595223666,2028.799570821908,2029.4843010497223,4.0
Pacific,2036.3,2029.067968241184,2028.703642345206,2029.3879142316675,65.0
Pacific,2036.8,2029.0791234095839,2028.7147795397304,2029.3990723049026,91.0
Pacific,2056.2,2043.6490252083556,2043.3189602185807,2043.9526895143747,125.0
Pacific,2075.8,2068.790329883579,2068.48831757582,2069.110486332839,187.0
Pacific,2093.5,2085.755465860771,2085.4670375287224,2086.087858907307,284.0
Pacific,2110.8,2105.1309911577373,2104.9172284007414,2105.3994485712424,373.0
Pacific,2127.2,2122.8440539391636,2122.646124996305,2123.0514190724093,462.0
Pacific,2139.6,2137.537425730079,2137.3590559007375,2137.7137968448865,558.0
Pacific,2143.2,2145.1087120638317,2144.9165832883536,2145.288762519432,688.0
Pacific,2145.9,2150.5228563798987,2150.3327744803796,2150.723644934017,760.0
Pacific,2156.2,2166.789010651013,2166.6071303325166,2166.985795202912,859.0
Pacific,2175.6,2188.313637686634,2188.141979654271,2188.4944862842053,957.0
Pacific,2187.2,2203.1066832747115,2202.945444941984,2203.2809513305374,1056.0
Pacific,2206.5,2222.449927548309,2222.304705728907,2222.610421147993,1150.0
Pacific,2225.9,2242.8969679911324,2242.767119116849,2243.043954662824,1288.0
Pacific,2245.0,2260.8572012637082,2260.732206694606,2260.984897128539,1426.0
Pacific,2271.9,2282.817441307242,2282.6940159538863,2282.9351866945117,1618.0
Pacific,2301.3,2302.8261833895262,2302.712326364908,2302.927237315267,2038.0
Pacific,2309.0,2307.4419383932564,2307.329083282271,2307.5467670328676,2288.0
Pacific,2313.1,2310.4852884699494,2310.372316406121,2310.592278315194,2534.0
Pacific,2316.1,2311.7052025448843,2311.5903101080457,2311.8139701815135,2776.0
Pacific,2285.0,2297.0796437208915,2296.9254448852594,2297.2171459781875,3317.0
Pacific,2264.7,2286.894290057077,2286.7126872013637,2287.0556137192384,3644.0
Pacific,2262.8,2285.03017631855,2284.831778415171,2285.203546314639,4413.0
Pacific,2262.6,2284.891053433764,2284.692926978741,2285.0641997135494,4808.0
Pacific,2263.9,2284.5337380471065,2284.3367037648622,2284.706070118311,5197.0
Pacific,2263.2,2283.7438096577002,2283.546535914181,2283.9163470278686,5444.0
Pacific,2261.9,2284.974505572047,2284.776233772429,2285.1477572920417,4718.0
Pacific,2262.6,2284.61949246048,2284.421893764334,2284.792482701544,4942.0
Pacific,2036.0,2030.5874987992313,2030.217778383703,2030.9112061110673,6.0
Pacific,2141.9,2138.2255870076365,2138.037592175773,2138.4061661793216,533.0
Pacific,2164.3,2173.9752054191504,2173.796780553797,2174.1697798195764,840.0
Pacific,2197.5,2212.407795624843,2212.2542632056766,2212.5773233797963,1027.0
Pacific,2236.4,2249.1873961288175,2249.0606320407487,2249.32754608718,1229.0
Pacific,2310.5,2306.9898708147516,2306.8772009978193,2307.0942709875026,2209.0
Pacific,2266.2,2285.6630093989347,2285.4776287420605,2285.8270033098684,3890.0
Pacific,2265.1,2283.6390434772193,2283.442115479027,2283.811347853545,5538.0
Pacific,2013.2,2012.4168733016395,2012.0607225895913,2012.7025543460559,5.0
Pacific,2014.0,2012.320248563476,2011.9639671654909,2012.605838519863,21.0
Pacific,2017.6,2012.4522913747767,2012.0960145623196,2012.7382414813997,67.0
Pacific,2046.3,2029.748067802954,2029.402118330458,2030.0519073159853,91.0
Pacific,2064.9,2053.382017312426,2053.0508246529803,2053.702340417126,137.0
Pacific,2081.6,2071.1996565723416,2070.8985646109395,2071.5250658097916,185.0
Pacific,2085.1,2076.683265853984,2076.3822880502153,2077.0166138736445,234.0
Pacific,2102.0,2092.7974599432605,2092.5407125111096,2093.1075262605927,333.0
Pacific,2108.0,2100.6494107753515,2100.424112101716,2100.936740389805,374.0
Pacific,2127.4,2124.6632456473435,2124.476513611441,2124.858215640248,462.0
Pacific,2140.0,2137.8987353272905,2137.7116852303875,2138.080973708563,562.0
Pacific,2146.9,2146.6054167112684,2146.4156644472205,2146.783403665993,660.0
Pacific,2148.4,2153.9952866211056,2153.807789277847,2154.1963268328896,746.0
Pacific,2162.7,2171.926875375785,2171.7473861796884,2172.12187288852,858.0
Pacific,2179.2,2193.428614334176,2193.2609679542693,2193.6094494181934,957.0
Pacific,2200.3,2215.8599997091246,2215.7092722825205,2216.0265794099396,1056.0
Pacific,2241.0,2258.1486887266137,2258.0262598343115,2258.278206611109,1289.0
Pacific,2282.8,2290.253170331995,2290.138108105442,2290.366147706378,1619.0
Pacific,2291.4,2297.9209666384263,2297.8078780597884,2298.018353444761,1806.0
Pacific,2302.7,2304.261310685845,2304.1491706747142,2304.362951219941,2042.0
Pacific,2311.6,2308.4981440490933,2308.3857577080803,2308.6030904908607,2288.0
Pacific,2314.9,2310.895483089102,2310.782984121003,2311.0026666675058,2536.0
Pacific,2316.6,2312.328982831692,2312.214409664573,2312.438192678993,2777.0
Pacific,2313.7,2311.7672907087212,2311.6470498093277,2311.8780273140787,3040.0
Pacific,2299.3,2304.091919108976,2303.9513380509457,2304.2223513240556,3317.0
Pacific,2272.3,2289.3669196145875,2289.1915251478767,2289.5218370973403,3645.0
Pacific,2263.1,2284.7874477466416,2284.5915019774507,2284.9592647268278,4414.0
Pacific,2264.6,2284.711887000588,2284.5139970607074,2284.885101667384,4810.0
Pacific,2265.0,2284.429666365308,2284.2328028816605,2284.6018289146173,5198.0
Pacific,2264.1,2283.6541382934493,2283.4574188367915,2283.826133866891,5584.0
Pacific,2012.7,2011.9454539673768,2011.5894425378146,2012.2301985451388,3.0
Pacific,2065.6,2055.665588529753,2055.3296561311213,2055.990418850626,151.0
Pacific,2151.8,2159.230259792088,2159.045772510522,2159.431170146823,793.0
Pacific,2311.4,2308.767302820457,2308.6548339694314,2308.872539110199,2372.0
Pacific,2263.6,2283.1927350660835,2282.9961875474664,2283.3645470169095,5815.0
Pacific,2015.9,2014.9707181592605,2014.6166972145113,2015.2610210427501,4.0
Pacific,2016.4,2015.283485945962,2014.9293634641308,2015.5752395820966,60.0
Pacific,2019.3,2016.2337852589117,2015.8800571610557,2016.5283663053633,84.0
Pacific,2048.4,2029.3985298654038,2029.0586445104925,2029.7032763218715,116.0
Pacific,2068.8,2059.060997813815,2058.738288807467,2059.3849791386288,162.0
Pacific,2081.9,2073.8637133736734,2073.5746858866323,2074.1852436216577,214.0
Pacific,2094.2,2087.584684635044,2087.31260911589,2087.911627725046,316.0
Pacific,2102.6,2097.3752157787003,2097.143495499223,2097.6719228652582,366.0
Pacific,2118.6,2113.1837881565184,2112.9846734196644,2113.4300156199765,425.0
Pacific,2134.9,2134.5854168502437,2134.412046146462,2134.761947413694,533.0
Pacific,2142.9,2140.137307467656,2139.945297389388,2140.31311170184,632.0
Pacific,2147.2,2150.5138794380864,2150.3233493301655,2150.716251707061,730.0
Pacific,2158.3,2168.6118474545074,2168.4309255710746,2168.8090787235687,828.0
Pacific,2176.1,2189.797424605261,2189.6273345195777,2189.9801008122695,927.0
Pacific,2195.8,2212.6360040663294,2212.4815191900366,2212.8007414869003,1026.0
Pacific,2214.0,2232.074706243887,2231.9383315957043,2232.225491964131,1125.0
Pacific,2235.0,2250.641008158941,2250.518797836088,2250.774783835493,1229.0
Pacific,2256.2,2271.4623777248235,2271.334830716724,2271.582364402973,1387.0
Pacific,2276.2,2285.3018089534826,2285.1812848606246,2285.417185956622,1544.0
Pacific,2288.7,2295.863346186521,2295.752258970699,2295.9630137957206,1746.0
Pacific,2298.8,2301.597668244016,2301.487072767857,2301.697071976191,1953.0
Pacific,2305.5,2306.045907761805,2305.9351816035755,2306.148644956896,2209.0
Pacific,2315.0,2311.799222129899,2311.6863500501013,2311.907342341672,2701.0
Pacific,2310.1,2309.7926928056218,2309.666226500432,2309.9069629124742,3225.0
Pacific,2287.2,2297.5667310474464,2297.410645609981,2297.7057487411485,3533.0
Pacific,2263.3,2284.9539418115523,2284.765802964124,2285.1199915692705,3890.0
Pacific,2259.2,2284.395768380247,2284.2002964850376,2284.567218146955,4289.0
Pacific,2262.6,2284.0406437612255,2283.8426869864024,2284.213855273247,5062.0
Pacific,2263.5,2283.51986568292,2283.3219723178972,2283.6931038904177,5403.0
Pacific,2261.4,2283.2992968955473,2283.1019396450156,2283.47189954788,5627.0
Pacific,2020.6,2016.132246891642,2015.7774165857525,2016.4290454631257,5.0
Pacific,2062.6,2048.9872252640425,2048.6556922490045,2049.2986986130586,135.0
Pacific,2107.6,2098.491296162638,2098.2724076683394,2098.7794962983276,332.0
Pacific,2147.1,2148.100641281982,2147.909418007664,2148.3015549782726,661.0
Pacific,2307.4,2307.2488769929832,2307.136549164684,2307.353193086843,2289.0
Pacific,2263.5,2284.8165454569803,2284.6250830521167,2284.9849452870344,4025.0
Pacific,2265.4,2283.5980586041683,2283.401452948459,2283.76994160073,5641.0
Pacific,2020.7,2016.304864722461,2015.948855031828,2016.6065377232676,4.0
Pacific,2021.6,2016.3945571843365,2016.0385594226977,2016.696919138438,25.0
Pacific,2024.3,2017.2350531758887,2016.8781560004704,2017.5380531159058,75.0
Pacific,2048.8,2026.451924542504,2026.1122841802312,2026.7542958236315,100.0
Pacific,2070.3,2060.386590156133,2060.0699266178767,2060.708975342604,151.0
Pacific,2078.0,2069.0109107457365,2068.7028452321115,2069.3379356161877,199.0
Pacific,2088.8,2080.4422429038596,2080.166882301963,2080.770954756865,250.0
Pacific,2091.8,2083.7233814106266,2083.458698454617,2084.0435469509607,299.0
Pacific,2102.3,2093.647418297042,2093.403415910365,2093.94686133917,348.0
Pacific,2116.5,2107.2474867778838,2107.0510017683932,2107.4938677424657,398.0
Pacific,2137.3,2131.3636436633797,2131.1856255412245,2131.5414307204474,498.0
Pacific,2144.9,2144.1466974920945,2143.955430086118,2144.321071648531,596.0
Pacific,2150.1,2152.159225670622,2151.9717468546237,2152.358858803669,696.0
Pacific,2163.8,2172.2756929713787,2172.095542609084,2172.468309553826,794.0
Pacific,2182.0,2197.806091008496,2197.640897476978,2197.982228359924,892.0
Pacific,2204.6,2218.116042266757,2217.9655155718915,2218.272149859981,992.0
Pacific,2237.9,2253.8358334535187,2253.7135680747915,2253.967851744718,1189.0
Pacific,2259.6,2272.5671736430486,2272.4395075564516,2272.686467024392,1337.0
Pacific,2280.3,2287.222571893375,2287.10394386389,2287.335521397041,1487.0
Pacific,2294.0,2296.336869298955,2296.2267318839754,2296.4349506692274,1683.0
Pacific,2306.0,2306.3605313158205,2306.248575157186,2306.46358804651,2128.0
Pacific,2312.2,2309.222151083898,2309.1100168255603,2309.3276795562024,2371.0
Pacific,2314.8,2311.8218532832993,2311.709468796912,2311.929827665129,2617.0
Pacific,2317.7,2313.5494859473865,2313.4354680870333,2313.659604438365,2862.0
Pacific,2315.9,2311.9813104045443,2311.859663705775,2312.092757332651,3132.0
Pacific,2292.7,2300.431315680047,2300.2822182434147,2300.5670534746173,3425.0
Pacific,2265.4,2286.6344610557107,2286.4510915495466,2286.797108842555,3768.0
Pacific,2264.1,2284.718029790763,2284.5204976598707,2284.891178959402,4547.0
Pacific,2263.3,2284.180727832912,2283.9834856363095,2284.353356575038,5300.0
Pacific,2264.2,2283.6334982114677,2283.436953742135,2283.8054297003337,5666.0
Pacific,2007.2,2004.9761908951864,2004.630806062714,2005.2567766550096,6.0
Pacific,2100.9,2086.935841340587,2086.6885002853724,2087.247810814015,265.0
Pacific,2154.2,2160.5366923543697,2160.352001107762,2160.735009575176,729.0
Pacific,2209.4,2225.0005113769785,2224.8577257011143,2225.1590199577354,1026.0
Pacific,2280.4,2288.967570224564,2288.8508295032066,2289.0803955884385,1544.0
Pacific,2312.0,2309.6635040682263,2309.551053573767,2309.7695536916426,2455.0
Pacific,2264.0,2283.618782767847,2283.4209981280223,2283.7918121671296,5404.0
Pacific,2264.8,2283.6848120962068,2283.4883624394906,2283.8565465820843,5655.0
Pacific,2005.3,2000.3852195483314,2000.034451516057,2000.6647752335298,6.0
Pacific,2006.6,2000.4091066027665,2000.0583219953073,2000.6884049625855,75.0
Pacific,2010.7,2000.9402523199994,2000.5878033251117,2001.2191919277566,95.0
Pacific,2056.0,2041.1268205962322,2040.769277892992,2041.438185970461,136.0
Pacific,2063.6,2054.9446469039635,2054.598426899978,2055.2745808364857,184.0
Pacific,2078.4,2068.1156639907376,2067.8081727527174,2068.4443134758862,235.0
Pacific,2088.2,2077.2370617924707,2076.961387261499,2077.5523468829765,285.0
Pacific,2112.2,2104.561595168707,2104.352831083259,2104.828593452448,373.0
Pacific,2129.4,2127.468673798613,2127.2893267994186,2127.6596364383295,462.0
Pacific,2143.2,2141.8904785119503,2141.7050483461035,2142.067834007699,561.0
Pacific,2150.0,2155.5749704340096,2155.387404540872,2155.7702652785797,662.0
Pacific,2163.7,2173.6852373385736,2173.505355968665,2173.8757235170474,759.0
Pacific,2180.1,2194.515505938394,2194.347415096319,2194.690245764092,858.0
Pacific,2199.2,2217.2044406333466,2217.0539236750487,2217.3663859781414,954.0
Pacific,2224.1,2238.9843490680723,2238.853982879235,2239.1243968634426,1057.0
Pacific,2236.8,2253.172196915403,2253.05579918495,2253.297972031217,1150.0
Pacific,2256.4,2270.5276590097155,2270.4037931401886,2270.6455510548126,1289.0
Pacific,2273.3,2283.019572963302,2282.8974125795044,2283.133948274178,1427.0
Pacific,2289.6,2294.5642453736455,2294.454044147166,2294.665919875296,1619.0
Pacific,2295.0,2300.2106396474414,2300.0997678602935,2300.308776966212,1806.0
Pacific,2302.9,2304.4471799431117,2304.3361273606374,2304.548561033992,2043.0
Pacific,2313.4,2311.1635666736283,2311.051384751457,2311.2708712053827,2534.0
Pacific,2315.6,2313.085036625802,2312.9715483139744,2313.1945326457776,2780.0
Pacific,2306.3,2308.2880492883337,2308.1558464766163,2308.4087677856874,3319.0
Pacific,2260.9,2284.7227681387135,2284.5308832369974,2284.8915152639647,4025.0
Pacific,2262.2,2284.734414935555,2284.53783903335,2284.9067356144574,4415.0
Pacific,2262.8,2284.521545018322,2284.3235911415886,2284.694877063584,4809.0
Pacific,2261.8,2284.0400722726204,2283.843223876187,2284.2122067109126,5447.0
Pacific,2261.9,2283.5505465818355,2283.3538887337236,2283.722585285056,5683.0
Pacific,2006.4,2001.9351576221954,2001.5849893485347,2002.2149807038113,6.0
Pacific,2046.4,2029.4500632521422,2029.0962382657212,2029.7523461000853,121.0
Pacific,2102.0,2094.667549331583,2094.441084570857,2094.966436685709,349.0
Pacific,2149.3,2151.329761916112,2151.140272772267,2151.51200865682,620.0
Pacific,2235.5,2251.2855871725274,2251.166079556637,2251.4027985087605,1092.0
Pacific,2319.8,2313.630711072949,2313.516845644079,2313.74084781138,2858.0
Pacific,2263.9,2283.6969835284804,2283.5004867483367,2283.868657540271,5635.0
Pacific,2008.2,2003.93702083449,2003.590240245852,2004.2171954686219,4.0
Pacific,2010.8,2004.5258473034678,2004.1724594818932,2004.8065677948102,59.0
Pacific,2012.2,2005.2562735549332,2004.89825923346,2005.538287195833,85.0
Pacific,2042.7,2025.1375194416555,2024.785367393649,2025.4401233836052,113.0
Pacific,2069.7,2057.3062936057454,2056.965927044608,2057.6364790498264,164.0
Pacific,2077.0,2065.357516075324,2065.050435435776,2065.6802303817935,213.0
Pacific,2081.4,2070.975144650693,2070.6878377238736,2071.2918529273206,262.0
Pacific,2096.4,2088.665398535828,2088.422013219224,2088.984812976374,313.0
Pacific,2128.7,2124.0307262535302,2123.8525798461346,2124.22770762187,433.0
Pacific,2151.1,2152.9171644222743,2152.752649883951,2153.080769078348,532.0
Pacific,2167.3,2174.919765084666,2174.7584192730596,2175.0744770911856,631.0
Pacific,2174.2,2187.2493071781178,2187.075063945235,2187.424671547817,745.0
Pacific,2212.4,2228.0211877933853,2227.876949705052,2228.15659500365,927.0
Pacific,2230.2,2244.9837301311914,2244.857377599201,2245.107150438994,1026.0
Pacific,2242.6,2257.224430381588,2257.111482320493,2257.344062658412,1126.0
Pacific,2253.7,2268.4430113268577,2268.3234714043783,2268.5590404119835,1229.0
Pacific,2273.2,2282.436914393895,2282.3145719614054,2282.5503724888763,1387.0
Pacific,2285.6,2292.0015574419995,2291.888501379322,2292.108788987075,1544.0
Pacific,2295.1,2299.251324529552,2299.140274715674,2299.348758726464,1746.0
Pacific,2302.5,2303.4167674112878,2303.3049211827133,2303.51717556397,1953.0
Pacific,2307.7,2307.5730434841607,2307.4609868024154,2307.677252007931,2209.0
Pacific,2311.1,2309.606252500448,2309.4928509287206,2309.7126119333448,2454.0
Pacific,2317.1,2312.579224491299,2312.4664897597136,2312.6880086124165,2700.0
Pacific,2318.5,2313.343626355095,2313.2278927863404,2313.4541817666736,2951.0
Pacific,2312.2,2310.7801843819993,2310.6536464805113,2310.8946651489896,3224.0
Pacific,2280.7,2294.500807420862,2294.3359049209316,2294.6465522745525,3533.0
Pacific,2263.6,2284.8601318774336,2284.6696794063114,2285.0277905744847,3889.0
Pacific,2260.7,2284.5668759635255,2284.3704282376134,2284.739066346639,4289.0
Pacific,2262.8,2284.7791445478665,2284.5812704687046,2284.952278733568,4680.0
Pacific,2263.4,2284.460935996213,2284.2632337074933,2284.6339147115405,5061.0
Pacific,2262.7,2283.9541616246324,2283.7569440259967,2284.1266518313496,5403.0
Pacific,2264.2,2283.437130003283,2283.2400562089883,2283.609462163642,5621.0
Pacific,2009.2,2002.531431769147,2002.1854640353524,2002.8114215524,6.0
Pacific,2057.7,2042.6286781631836,2042.2741157983921,2042.9418763613603,115.0
Pacific,2106.8,2095.177742722204,2094.9558598668063,2095.468604514929,334.0
Pacific,2138.1,2135.7708371590807,2135.6074009066606,2135.938874910592,461.0
Pacific,2155.0,2159.2228528770793,2159.035278304781,2159.4071824072207,663.0
Pacific,2229.6,2244.1302715438082,2244.0046894023376,2244.2617042350203,1058.0
Pacific,2265.2,2283.9813370938714,2283.7842757129806,2284.1536764478888,5410.0
Pacific,2002.6,1997.744431834204,1997.396918509604,1998.0227753541162,5.0
Pacific,2005.1,2001.3453792926432,2000.9997367618814,2001.6240710151756,76.0
Pacific,2044.6,2030.5280232166665,2030.1700237779555,2030.8323844131717,111.0
Pacific,2064.1,2049.3895510014504,2049.025623383798,2049.718177451465,150.0
Pacific,2070.5,2059.698245183942,2059.359546515236,2060.0325982554314,199.0
Pacific,2082.7,2070.071644905463,2069.76579346629,2070.4029043954133,248.0
Pacific,2079.3,2071.6353277714834,2071.3501078794666,2071.9521290154744,299.0
Pacific,2092.6,2084.7994084309835,2084.5566782059504,2085.1122808297905,350.0
Pacific,2117.6,2109.077369879965,2108.8837374119003,2109.318053397355,399.0
Pacific,2143.5,2139.779938397974,2139.6162315786914,2139.958095297525,498.0
Pacific,2145.0,2146.361245414898,2146.171333139179,2146.5428676073584,596.0
Pacific,2155.1,2162.4166068959594,2162.232744711214,2162.614456956681,696.0
Pacific,2183.8,2196.774238698385,2196.6062504246497,2196.940541660167,795.0
Pacific,2210.0,2226.4409611938154,2226.294682770862,2226.574885822512,894.0
Pacific,2228.7,2245.081509460391,2244.9552680024117,2245.204674588965,992.0
Pacific,2241.3,2257.2579355344305,2257.144207308475,2257.3728447689564,1092.0
Pacific,2251.4,2265.3645848513647,2265.247583581951,2265.4824580561462,1191.0
Pacific,2263.1,2274.959801942771,2274.836697976264,2275.073184494368,1289.0
Pacific,2271.6,2283.337633912984,2283.216068074954,2283.4505443575044,1388.0
Pacific,2290.9,2295.3474360663463,2295.238382784241,2295.446543861674,1585.0
Pacific,2297.1,2300.545082089794,2300.4357897844534,2300.6430692652784,1784.0
Pacific,2304.6,2304.5956927582574,2304.4850235559725,2304.697063577156,1980.0
Pacific,2305.8,2307.2408876542963,2307.127475490529,2307.3461635521044,2224.0
Pacific,2315.6,2310.934484111839,2310.8214337763084,2311.041911001315,2471.0
Pacific,2316.2,2313.432831532533,2313.3152728124887,2313.544139292795,2962.0
Pacific,2281.2,2294.5876194016473,2294.4218135606175,2294.733760596508,3547.0
Pacific,2260.1,2284.9313863048314,2284.7400621329725,2285.099650713528,3939.0
Pacific,2262.8,2284.5481530342886,2284.3504976434697,2284.721195938045,4717.0
Pacific,2263.0,2284.341183475536,2284.1435855052914,2284.514163485772,5106.0
Pacific,2261.5,2283.727743495321,2283.5305124237398,2283.9002388317103,5471.0
Pacific,2000.1,1991.8097354745703,1991.460452475631,1992.0862326930867,4.0
Pacific,2074.1,2065.7855127223133,2065.472680009182,2066.1130054206174,265.0
Pacific,2156.7,2157.999860648692,2157.854426347035,2158.1593898583806,531.0
Pacific,2181.6,2192.0101760355747,2191.838159177871,2192.178248004765,745.0
Pacific,2239.9,2252.9751243904375,2252.8579912775663,2253.092282267805,1027.0
Pacific,2284.8,2290.0786680209103,2289.963136866015,2290.188892762625,1451.0
Pacific,2316.4,2311.7570722766077,2311.643534897158,2311.865411620596,2553.0
Pacific,2266.0,2283.7517084608317,2283.5554148906936,2283.9232936377566,5654.0
Pacific,2002.9,1994.740905856025,1994.3880053950138,1995.019710124358,4.0
Pacific,2005.0,1996.6543213657267,1996.3031532017865,1996.9330296085952,65.0
Pacific,2005.8,1996.9078870838216,1996.5562947832468,1997.187052169967,90.0
Pacific,2020.4,2005.6842168524017,2005.3168005123905,2005.9697108500898,125.0
Pacific,2060.1,2045.5673994345264,2045.2100269874707,2045.886529532641,185.0
Pacific,2081.6,2070.6408950508476,2070.3496448673313,2070.9591382826757,284.0
Pacific,2110.1,2097.170403238572,2096.955682669824,2097.4486263427943,373.0
Pacific,2132.3,2127.083500883682,2126.9098879439666,2127.2596358656533,463.0
Pacific,2158.0,2159.224567904529,2159.054892911492,2159.392059392768,562.0
Pacific,2171.9,2179.000218007265,2178.82191002209,2179.174289967223,661.0
Pacific,2196.8,2211.0677399993842,2210.913968557903,2211.210020913679,760.0
Pacific,2212.7,2228.744408049804,2228.6000797044203,2228.8757504353102,858.0
Pacific,2230.0,2246.857767512008,2246.7327582947405,2246.9770227608906,958.0
Pacific,2244.5,2257.7529298762506,2257.6392458832465,2257.8662731751283,1055.0
Pacific,2254.1,2267.7886319207064,2267.675025668247,2267.9003633795364,1154.0
Pacific,2264.2,2276.100401143902,2275.978293629398,2276.2121919830565,1251.0
Pacific,2275.0,2285.0067879575813,2284.886242920023,2285.1187061385085,1352.0
Pacific,2291.6,2295.1371506679,2295.0276007323896,2295.235334002384,1520.0
Pacific,2296.2,2299.9505575106155,2299.8413335585574,2300.0479584293917,1717.0
Pacific,2301.3,2303.63455040529,2303.523079808886,2303.7350581703204,1914.0
Pacific,2308.9,2307.164458140517,2307.051858657456,2307.2690356467515,2142.0
Pacific,2313.4,2309.727632662022,2309.6144583975324,2309.8340215408175,2387.0
Pacific,2316.5,2312.861166387989,2312.7484824394005,2312.970193247739,2633.0
Pacific,2317.8,2313.008283753707,2312.8884498973684,2313.120019085151,3157.0
Pacific,2296.2,2301.694754460047,2301.5471930225017,2301.830601146036,3514.0
Pacific,2264.3,2286.070407337158,2285.8837597514735,2286.2353310218823,3904.0
Pacific,2261.4,2284.5151285307493,2284.3186950913237,2284.6873032482176,4295.0
Pacific,2264.0,2284.4513786725806,2284.253083822609,2284.6250396537816,4686.0
Pacific,2263.9,2284.1271447482773,2283.929415041261,2284.300138616968,5205.0
Pacific,2262.4,2284.02633230957,2283.828958187188,2284.1989771367885,5318.0
Pacific,2009.0,1997.6358547530754,1997.280077270536,1997.9157368269955,5.0
Pacific,2077.8,2058.3015380359684,2057.9553215350297,2058.6383561727193,199.0
Pacific,2094.0,2083.2807809154265,2083.0274083938743,2083.5990764905705,300.0
Pacific,2132.5,2127.9379693458955,2127.755100221363,2128.133403493914,399.0
Pacific,2149.3,2152.1163734978013,2151.927059728684,2152.30320157007,596.0
Pacific,2234.4,2248.2219322078527,2248.099617483106,2248.344214172782,993.0
Pacific,2263.2,2284.731966453985,2284.5340501577894,2284.9051070292157,4897.0
Pacific,2009.2,1997.6912793149945,1997.3335312854304,1997.9712550996032,5.0
Pacific,2009.6,1998.3394779698922,1997.9813742817419,1998.6190217704393,62.0
Pacific,2063.1,2040.3939809871529,2039.9965794374973,2040.7247359145383,111.0
Pacific,2066.3,2045.2518169308976,2044.8790550355804,2045.5776764147392,135.0
Pacific,2067.4,2051.4542408376265,2051.0966630367734,2051.783288668486,160.0
Pacific,2074.4,2057.9531328306934,2057.6070095058594,2058.289113167822,185.0
Pacific,2078.0,2062.7867343749417,2062.4551259953428,2063.1224971786364,209.0
Pacific,2088.7,2076.113451448782,2075.8184866480674,2076.4369482215643,264.0
Pacific,2103.1,2090.1037077679375,2089.863090935181,2090.418134375749,314.0
Pacific,2134.5,2129.3078687083985,2129.1362355715123,2129.495831586136,412.0
Pacific,2160.8,2164.3697918991775,2164.209979326769,2164.5439231973733,531.0
Pacific,2176.9,2184.8206060074253,2184.6571832194936,2184.972868228969,631.0
Pacific,2189.0,2201.3755804527596,2201.218504547668,2201.521598184267,729.0
Pacific,2208.0,2221.4191555541693,2221.273080197383,2221.5530674336096,829.0
Pacific,2225.7,2239.0031900971107,2238.8692187903116,2239.1264729199547,928.0
Pacific,2245.2,2258.5704548714457,2258.4570408622794,2258.6823642345694,1027.0
Pacific,2266.3,2277.372957700203,2277.2535278108544,2277.4807732910135,1224.0
Pacific,2286.6,2291.844025550673,2291.7310146891077,2291.9491621171023,1421.0
Pacific,2297.3,2299.4269927764994,2299.317663859378,2299.5240491779728,1618.0
Pacific,2303.4,2303.4603642441693,2303.348968557701,2303.5607297711085,1815.0
Pacific,2308.2,2307.4038676450364,2307.2914251252246,2307.508385226863,2045.0
Pacific,2313.5,2310.7073570833672,2310.593954549418,2310.8147060312463,2437.0
Pacific,2316.0,2311.448363729704,2311.331332363698,2311.5576806649533,2767.0
Pacific,1990.0,1983.836307580345,1983.483895240585,1984.143319690265,4.0
Pacific,2012.4,1998.373092725814,1998.010995889957,1998.6537923804394,64.0
Pacific,2072.1,2049.7988771894056,2049.435661165407,2050.1279814045624,183.0
Pacific,2107.1,2096.258560682821,2096.030957712033,2096.5551411969286,332.0
Pacific,2136.8,2129.0027051679067,2128.8345605732165,2129.177008821757,463.0
Pacific,2174.4,2184.4319668108355,2184.263184690561,2184.590644283622,660.0
Pacific,2213.8,2229.389397592302,2229.246952507892,2229.526358041471,859.0
Pacific,2247.2,2261.276470254745,2261.164636887568,2261.388385630249,1057.0
Pacific,2267.6,2278.5931623704278,2278.4715487632125,2278.7040806668324,1253.0
Pacific,2298.3,2301.0823965032546,2300.973209265797,2301.180839254335,1717.0
Pacific,2313.5,2311.066216977739,2310.9528992363767,2311.173866358095,2387.0
Pacific,2262.8,2283.9109177594305,2283.713586629684,2284.0835167744467,5248.0
Pacific,1986.4,1980.9195145291712,1980.5641161173444,1981.2395180685462,5.0
Pacific,1987.1,1981.0477471074923,1980.6926539936062,1981.3673107576074,23.0
Pacific,1988.9,1981.185456061277,1980.830785367148,1981.5045575484394,51.0
Pacific,2005.2,1990.3021652049633,1989.9387213547736,1990.5821242216596,75.0
Pacific,2041.5,2019.92888740699,2019.5535017643056,2020.236537716706,134.0
Pacific,2076.0,2055.2699643522988,2054.904606971547,2055.6141907067513,199.0
Pacific,2079.2,2064.353465498647,2064.0313600388004,2064.6853760161544,248.0
Pacific,2088.1,2073.6410438251555,2073.353495150908,2073.956849976061,298.0
Pacific,2103.0,2092.5842478694076,2092.356129579328,2092.8838044513345,348.0
Pacific,2127.3,2117.778579235067,2117.594745623159,2117.980057081484,403.0
Pacific,2140.1,2134.528315386734,2134.3494250260155,2134.7024885423707,502.0
Pacific,2155.4,2159.8354737281393,2159.648238896176,2160.018616248983,600.0
Pacific,2182.2,2195.0023684273265,2194.838709297779,2195.158710795827,698.0
Pacific,2211.5,2226.21829989899,2226.0749393960405,2226.3490367735903,797.0
Pacific,2225.7,2239.7397300133107,2239.6069222018145,2239.86379899194,896.0
Pacific,2240.8,2256.6332375819043,2256.519260415147,2256.7486055911236,994.0
Pacific,2255.8,2269.1848117083,2269.071229249433,2269.294336683761,1092.0
Pacific,2263.7,2275.882771208054,2275.7625010977317,2275.991497711567,1191.0
Pacific,2282.4,2288.971647246577,2288.8549469022632,2289.080526862436,1388.0
Pacific,2295.3,2298.3467680384615,2298.2374279847872,2298.4433054898045,1585.0
Pacific,2300.6,2302.7047622681152,2302.594049224262,2302.804625276242,1782.0
Pacific,2305.7,2305.493753569098,2305.3838756236514,2305.596025406577,1980.0
Pacific,2310.7,2309.6268889966814,2309.510359021149,2309.7343974766986,2471.0
Pacific,2314.8,2311.393420208269,2311.275845026797,2311.5028905866106,2716.0
Pacific,2315.3,2311.322626879674,2311.2013041210134,2311.433382533213,2962.0
Pacific,2311.8,2309.632528472336,2309.504372097015,2309.7479917457167,3255.0
Pacific,2297.5,2302.2592501972767,2302.111219002462,2302.3961114262584,3550.0
Pacific,2262.6,2286.116711424457,2285.9239866742123,2286.285394245412,4134.0
Pacific,2262.0,2284.902265625495,2284.70428125518,2285.0753627525664,4718.0
Pacific,2261.7,2284.4101647530206,2284.212225424731,2284.583478846438,4904.0
Pacific,1986.2,1978.3072723485268,1977.9512815207481,1978.6390098473332,5.0
Pacific,2012.1,1989.2687941931176,1988.901741997876,1989.5512790930015,86.0
Pacific,2044.1,2014.8324074739787,2014.4419364957719,2015.1543222506284,111.0
Pacific,2061.0,2043.9472817988933,2043.568326553246,2044.275169926103,165.0
Pacific,2081.7,2060.498859414546,2060.157444516536,2060.836990115745,214.0
Pacific,2098.2,2086.1591695032935,2085.914249348479,2086.4747430698267,314.0
Pacific,2162.5,2156.1618678685527,2155.988150234725,2156.3325250500875,433.0
Pacific,2208.1,2221.882481416134,2221.7374675665037,2222.014883805695,730.0
Pacific,2263.9,2284.564136360112,2284.3664764490945,2284.737077411029,4914.0
Pacific,1985.9,1979.7898655724653,1979.4347725380385,1980.1156299328215,6.0
Pacific,1988.6,1979.7160703914644,1979.3609469138823,1980.0422290619251,41.0
Pacific,1990.1,1980.6145715855705,1980.2578853789812,1980.9355713677235,65.0
Pacific,2028.8,1996.003178897975,1995.6098435294339,1996.3027498514946,90.0
Pacific,2064.7,2030.2227019486338,2029.8071111026247,2030.5472649601386,130.0
Pacific,2087.8,2057.267435159168,2056.871864633807,2057.6385623501396,185.0
Pacific,2099.4,2065.814181000981,2065.446118767191,2066.177905299265,234.0
Pacific,2114.1,2084.4411380707547,2084.144997547128,2084.7686775126135,285.0
Pacific,2113.0,2092.652825810621,2092.4257559774674,2092.948549528877,334.0
Pacific,2127.3,2121.5779718433455,2121.3879322448506,2121.794128518793,383.0
Pacific,2163.9,2162.888652421124,2162.7404928444657,2163.0495690345565,462.0
Pacific,2187.1,2195.0905233327217,2194.952318189897,2195.2344208359955,562.0
Pacific,2199.0,2213.668522484422,2213.5241007891423,2213.803413704743,660.0
Pacific,2226.9,2237.6616418651806,2237.5378209982696,2237.7753850127815,760.0
Pacific,2239.6,2252.5049882035005,2252.385116950548,2252.6111242783345,859.0
Pacific,2253.4,2264.108776209565,2263.9964884706337,2264.2087360615037,958.0
Pacific,2258.8,2269.5880815078267,2269.4794315457,2269.688765812576,1058.0
Pacific,2267.4,2277.2862716963227,2277.1736894336573,2277.3835959819235,1156.0
Pacific,2277.2,2283.1761993641603,2283.0611487120964,2283.2784770142507,1254.0
Pacific,2282.4,2288.4333797793206,2288.320360808848,2288.5376252885467,1354.0
Pacific,2288.1,2293.6707062174005,2293.559360637751,2293.7701239462044,1521.0
Pacific,2300.5,2302.783037347059,2302.6708523810853,2302.883451572548,1915.0
Pacific,2306.6,2306.1088930934475,2305.995343288818,2306.214298624765,2142.0
Pacific,2308.8,2308.9237932146316,2308.8017194374283,2309.0348474028224,2634.0
Pacific,2309.7,2308.6945512245047,2308.5676726442152,2308.8091140132865,2878.0
Pacific,2309.8,2307.4995994493634,2307.36723199345,2307.6193107992794,3157.0
Pacific,2283.7,2295.8177916647173,2295.6542915999244,2295.962191649379,3744.0
Pacific,2262.4,2285.7469071115606,2285.550949279619,2285.9177936742103,4403.0
Pacific,2263.0,2284.534612630474,2284.3373650903036,2284.7071519617584,4884.0
Pacific,2261.4,2284.4151426759836,2284.217928315518,2284.5877524622047,4982.0
Pacific,1982.5,1975.3095919303046,1974.9485322158735,1975.6407813295677,5.0
Pacific,2071.3,2035.3909009269757,2034.9438328482618,2035.7434829392707,126.0
Pacific,2110.5,2077.11184297898,2076.783537285562,2077.459831369027,252.0
Pacific,2122.0,2116.01476615427,2115.8041551670553,2116.275459862685,351.0
Pacific,2173.6,2176.5144622097955,2176.3736916418948,2176.661862586976,498.0
Pacific,2211.3,2224.443729347378,2224.309721149445,2224.5682000191996,696.0
Pacific,2279.2,2286.71641715901,2286.6075195679496,2286.8157369504174,1290.0
Pacific,2261.8,2284.2266177215697,2284.029815993757,2284.3988200354192,5121.0
Pacific,1973.7,1971.7719954700733,1971.4096679918014,1972.0907371245144,5.0
Pacific,2033.8,1995.5723068036646,1995.1528886739156,1995.8921271285599,61.0
Pacific,2047.3,2008.4838322885944,2008.0430521963056,2008.826676641923,85.0
Pacific,2071.9,2033.5974924412317,2033.1466103775824,2033.9477944265918,116.0
Pacific,2107.1,2062.247608842374,2061.810942345853,2062.6481174302453,166.0
Pacific,2119.8,2074.948837391735,2074.550237462492,2075.3330135744823,215.0
Pacific,2128.2,2087.569222973164,2087.245775189578,2087.9133560919145,266.0
Pacific,2137.0,2110.6705484129006,2110.4043930356024,2110.9819434016586,315.0
Pacific,2140.6,2127.1205517813655,2126.9092047382705,2127.3583784297725,365.0
Pacific,2168.9,2167.91715122881,2167.7633082748,2168.082612403821,434.0
Pacific,2183.3,2190.268502644716,2190.1289467591523,2190.4175867102317,533.0
Pacific,2200.2,2212.9395859770834,2212.8025118369533,2213.069781481668,632.0
Pacific,2219.7,2233.5652398856028,2233.436382033116,2233.683568384221,731.0
Pacific,2234.2,2246.8516619201287,2246.725300780474,2246.964597463785,830.0
Pacific,2247.4,2259.3343687833767,2259.220331734565,2259.4374836830843,929.0
Pacific,2259.0,2270.376647192429,2270.2677556221793,2270.4729825081736,1029.0
Pacific,2267.9,2277.414230804062,2277.3077069849696,2277.5064060755194,1128.0
Pacific,2274.4,2283.250529107125,2283.14156401078,2283.344204383707,1224.0
Pacific,2279.8,2287.723867909908,2287.614211686608,2287.8250630598654,1323.0
Pacific,2294.0,2297.169633062504,2297.0626372037427,2297.2643491492167,1650.0
Pacific,2303.6,2305.11738076159,2305.004608680042,2305.2221767184024,2063.0
Pacific,2311.5,2309.539038569368,2309.4189941736013,2309.64845603202,2555.0
Pacific,2314.3,2310.651845176506,2310.52986037223,2310.762313199958,2799.0
Pacific,2309.1,2308.8780801150842,2308.7490745041887,2308.994290362386,3060.0
Pacific,2301.0,2303.6674726994543,2303.521866423221,2303.8026176091435,3646.0
Pacific,2275.7,2290.896434575474,2290.717510489114,2291.051570671592,3940.0
Pacific,2262.5,2285.04462111694,2284.8477748115965,2285.216822454549,4559.0
Pacific,2263.6,2284.3385602411777,2284.14160191984,2284.51091859061,5035.0
Pacific,2263.4,2284.1555980645817,2283.9586685925556,2284.3279220475824,5131.0
Pacific,1965.0,1959.2306525695967,1958.8610050310317,1959.5578032387039,5.0
Pacific,2035.1,1994.7746190975574,1994.3730564170605,1995.0855215144445,68.0
Pacific,2105.1,2054.5329814022966,2054.0516553381826,2054.950042629123,128.0
Pacific,2126.7,2089.887832381091,2089.5622246482885,2090.23695431046,236.0
Pacific,2155.0,2135.410646215033,2135.189760564726,2135.6528884145437,335.0
Pacific,2194.6,2195.0785452221166,2194.936500299801,2195.232094679952,463.0
Pacific,2217.4,2228.229091912237,2228.102802467563,2228.3502106221727,660.0
Pacific,1959.6,1955.2747037679449,1954.8963890035432,1955.6127700744619,5.0
Pacific,1991.2,1967.596127808119,1967.2219557030994,1967.9168708753991,50.0
Pacific,2066.5,2017.6927122142683,2017.2339902918236,2018.0433669444199,75.0
Pacific,2091.0,2041.9381659151397,2041.4684380359445,2042.3270206212565,99.0
Pacific,2110.0,2064.7914771926476,2064.3382687561434,2065.2022710601163,151.0
Pacific,2125.3,2080.903378456979,2080.5171880509315,2081.282158888967,202.0
Pacific,2134.1,2092.811672629904,2092.514183101794,2093.1408952538077,250.0
Pacific,2148.8,2120.354779512292,2120.090246373533,2120.643430291373,300.0
Pacific,2173.2,2163.0810741851246,2162.860180119383,2163.3140446177526,350.0
Pacific,2186.0,2182.216429348671,2182.0303656828587,2182.4016048011526,400.0
Pacific,2197.8,2199.7792484916454,2199.6408548338,2199.928117470323,498.0
Pacific,2205.1,2216.1291913024197,2216.0036031674626,2216.26266095644,597.0
Pacific,2216.8,2228.8106263007344,2228.684310908647,2228.9318868382156,695.0
Pacific,2237.3,2247.299533630533,2247.18196198899,2247.405438075621,797.0
Pacific,2250.9,2261.03181898937,2260.9249962170293,2261.125393155884,895.0
Pacific,2258.5,2270.1874917740056,2270.0856284636234,2270.2797385815174,994.0
Pacific,2266.9,2278.785082508804,2278.68626062592,2278.872399022699,1092.0
Pacific,2277.9,2283.986684916017,2283.885370344373,2284.073669719077,1191.0
Pacific,2287.7,2292.375525239751,2292.275430756382,2292.4669686284788,1388.0
Pacific,2290.7,2294.607401596448,2294.5038805505214,2294.6988191759733,1488.0
Pacific,2294.2,2296.251762597548,2296.1450353753676,2296.3449155137982,1585.0
Pacific,2299.1,2299.014866334438,2298.9008904492634,2299.112953666053,1783.0
Pacific,2302.3,2303.5741129598223,2303.459775599272,2303.676846739741,1980.0
Pacific,2306.1,2306.673489614608,2306.555566388575,2306.782179428069,2226.0
Pacific,2313.4,2308.71221920664,2308.593133468887,2308.8212084096835,2472.0
Pacific,2314.4,2308.60441750608,2308.4766324861266,2308.719668324632,2962.0
Pacific,2304.6,2304.524899169519,2304.381232230533,2304.6576385562103,3550.0
Pacific,2277.3,2291.621120225926,2291.4438939489755,2291.7744317398424,3844.0
Pacific,2265.8,2284.677291696881,2284.4801141802186,2284.850088230232,4427.0
Pacific,2262.9,2283.9935940605137,2283.7954377516808,2284.1673180136804,4809.0
Pacific,1956.4,1952.5223002277914,1952.1385769516496,1952.8698116176156,6.0
Pacific,2100.3,2052.036756993955,2051.5559231858238,2052.4448054960194,109.0
Pacific,2128.4,2084.847224445701,2084.469315520148,2085.2220212029692,219.0
Pacific,2158.7,2136.2679028308926,2136.0036912443707,2136.5401717726313,317.0
Pacific,2194.8,2202.0743324690106,2201.9366708003045,2202.223073029005,467.0
Pacific,2205.5,2217.0706615837357,2216.932554297909,2217.1997562236998,634.0
Pacific,2239.1,2252.895599572204,2252.7803956910248,2252.9960552448456,831.0
Pacific,1956.6,1950.0910056930143,1949.7004072351758,1950.4480465016443,5.0
Pacific,1955.6,1952.5545233523505,1952.171936733963,1952.9005003570637,21.0
Pacific,1963.0,1957.9676075030784,1957.5920897505887,1958.3005638471957,41.0
Pacific,2001.2,1988.796564064572,1988.3821337166496,1989.1107869861983,61.0
Pacific,2060.9,2020.205284834414,2019.753399907059,2020.5493835612453,86.0
Pacific,2090.6,2046.7452348167494,2046.2878986881053,2047.1345503337714,116.0
Pacific,2099.3,2055.1442765325037,2054.6948925079696,2055.5401074082606,140.0
Pacific,2119.6,2072.3475830017564,2071.9248965865904,2072.7398861002325,183.0
Pacific,2130.3,2092.4147912800345,2092.0865510623544,2092.764493235973,233.0
Pacific,2152.4,2131.0104730140183,2130.7267396761704,2131.31720828858,284.0
Pacific,2175.1,2156.63830960894,2156.403667596297,2156.8856484904495,335.0
Pacific,2195.2,2196.0937023573515,2195.937210005106,2196.250075412416,417.0
Pacific,2212.1,2220.9332303990195,2220.812510299661,2221.0639385127593,561.0
Pacific,2247.0,2258.094713073149,2257.993803936676,2258.1950490761556,862.0
Pacific,2264.2,2274.0051524436303,2273.905972288484,2274.0970066222662,1058.0
Pacific,2282.1,2288.9208011365386,2288.82208737304,2289.006534323043,1256.0
Pacific,2288.2,2295.7452973310556,2295.649147560712,2295.8347146725882,1454.0
Pacific,2295.5,2300.226937567659,2300.1221157067102,2300.323281233121,1651.0
Pacific,2300.8,2303.3450734048356,2303.2329710677654,2303.4455267619833,1916.0
Pacific,2310.2,2308.848897912233,2308.7323134069056,2308.956042983353,2310.0
Pacific,2313.3,2310.488583821077,2310.3676609863032,2310.5984579544615,2702.0
Pacific,2309.3,2307.3870344437037,2307.253277266095,2307.5090397878735,3526.0
Pacific,1953.6,1949.111769501074,1948.721645237322,1949.470468604286,5.0
Pacific,2095.7,2042.3546654821218,2041.8922400226909,2042.738208950003,99.0
Pacific,2109.7,2061.5962543284654,2061.1369649604,2062.002062899537,149.0
Pacific,2124.4,2085.321799426479,2084.950342831545,2085.6939168022363,223.0
Pacific,2182.6,2176.988860380544,2176.782724574696,2177.1962581647613,373.0
Pacific,2201.1,2210.1811392169698,2210.047980824857,2210.3168716124733,497.0
Pacific,2098.7,2048.5353322887163,2048.0425971678715,2048.938404474072,110.0
Pacific,2105.6,2052.0605531465685,2051.5615222354563,2052.4703257172237,135.0
Pacific,2119.7,2066.3556345069846,2065.871241466977,2066.781949597156,165.0
Pacific,2129.2,2084.7580040291555,2084.371826082234,2085.138684125631,215.0
Pacific,2151.2,2119.434194587765,2119.119805105159,2119.765352945223,264.0
Pacific,2167.4,2145.3741874788916,2145.1277682527825,2145.6332430188804,314.0
Pacific,2182.3,2177.7115006087706,2177.5035773252002,2177.925589032419,364.0
Pacific,2193.4,2193.986894651532,2193.8259228781158,2194.151353464582,413.0
Pacific,2199.0,2203.3511381035423,2203.2146301836733,2203.5052926448284,462.0
Pacific,2209.5,2221.0410418633815,2220.916584571627,2221.1640792216235,547.0
Pacific,2236.6,2250.3627987848813,2250.2621353700088,2250.4696328582663,729.0
Pacific,2255.8,2269.499302821797,2269.409640860409,2269.5933688225373,928.0
Pacific,2272.8,2282.543331756807,2282.452500666356,2282.627040617102,1128.0
Pacific,2285.9,2292.633707920373,2292.539178269655,2292.717739411068,1324.0
Pacific,2293.5,2297.312665200785,2297.215086519749,2297.4040316809455,1521.0
Pacific,2300.3,2303.0057710580077,2302.8951702590707,2303.10565493614,1847.0
Pacific,2305.2,2308.691800951344,2308.575806612042,2308.7985584258363,2309.0
Pacific,2317.4,2311.9530175546265,2311.834383811317,2312.0633634677415,2800.0
Pacific,2310.0,2309.6256929508454,2309.4941773792534,2309.74523243671,3353.0
Pacific,2298.7,2302.5103057038705,2302.3612895995375,2302.6478814367506,3647.0
Pacific,2272.2,2289.8342876080455,2289.652600116662,2289.992630982943,3941.0
Pacific,2267.7,2286.6524612750663,2286.4620193117876,2286.8193945564967,4138.0
Pacific,2261.5,2285.6441783531486,2285.4493167322635,2285.8144772901246,4313.0
Pacific,1953.9,1948.3818847304958,1947.9857209058096,1948.7464255123489,6.0
Pacific,2079.9,2028.5583757223144,2028.0637087523505,2028.9251738254964,90.0
Pacific,2122.3,2070.022797020178,2069.587499616891,2070.424527464167,184.0
Pacific,2158.7,2133.218401348681,2132.9321853651018,2133.5142254657685,284.0
Pacific,2194.8,2195.927898184613,2195.755127690071,2196.105549845216,383.0
Pacific,2212.0,2224.038205449683,2223.9182805303667,2224.1594479503956,561.0
Pacific,2260.3,2270.4462303153628,2270.351643448736,2270.534461049028,959.0
Pacific,1946.5,1943.3481174914316,1942.9468875158577,1943.7267009810869,6.0
Pacific,1948.1,1944.76295031901,1944.3637961981572,1945.13378539602,24.0
Pacific,1982.2,1956.572831956892,1956.1786028695924,1956.9069418615848,50.0
Pacific,2060.6,2004.257861712301,2003.829031121238,2004.5844208561964,80.0
Pacific,2094.5,2039.8955473363217,2039.4056278478304,2040.2939125079438,115.0
Pacific,2113.2,2060.195049697406,2059.6982405451477,2060.6194679712935,150.0
Pacific,2131.4,2079.7825967135022,2079.3974279512227,2080.1569347375644,202.0
Pacific,2142.8,2101.3227054652066,2101.009150570067,2101.6627861706315,249.0
Pacific,2160.3,2134.169195469557,2133.883326761548,2134.4675089689026,300.0
Pacific,2183.7,2166.725302413063,2166.5075834758854,2166.9534271464786,348.0
Pacific,2195.4,2192.907246202377,2192.731478423589,2193.088231581094,399.0
Pacific,2205.6,2216.4230615598185,2216.289677132956,2216.5573048945644,498.0
Pacific,2221.2,2232.8672320701357,2232.755701256231,2232.9853142119196,597.0
Pacific,2236.7,2249.193916989736,2249.089266973578,2249.2993171558687,696.0
Pacific,2243.9,2258.951956388711,2258.8519352787625,2259.0507947625247,793.0
Pacific,2256.8,2268.384560092296,2268.291479494266,2268.4763471256297,893.0
Pacific,2264.1,2275.9418267236697,2275.85555052135,2276.0293212621996,993.0
Pacific,2271.8,2282.1391194222,2282.053517073635,2282.220568290156,1093.0
Pacific,2277.9,2287.263885763818,2287.1770587094547,2287.3445855141995,1191.0
Pacific,2289.3,2295.2260831386466,2295.133828807632,2295.3092868695508,1388.0
Pacific,2294.5,2300.069970832577,2299.97563142764,2300.162926867887,1586.0
Pacific,2306.0,2305.659530055093,2305.5498095538323,2305.7618828613017,1980.0
Pacific,2313.7,2310.8367256053502,2310.7205397206408,2310.9451828716524,2472.0
Pacific,2316.0,2312.3477242892614,2312.2264329378872,2312.459385812406,2963.0
Pacific,2309.9,2309.271497417498,2309.1378520609856,2309.3937393807937,3551.0
Pacific,2289.6,2297.55107542723,2297.389996248546,2297.695163474287,3842.0
Pacific,2263.9,2285.153458747468,2284.958423785293,2285.3242041422045,4428.0
Pacific,2265.4,2284.790562150915,2284.5939158607516,2284.962632698449,4894.0
Pacific,2264.4,2283.9054558137027,2283.707504025794,2284.078764474696,4958.0
Pacific,1937.1,1940.0345955764874,1939.6275448457425,1940.4196379126113,5.0
Pacific,1949.7,1944.4760858024365,1944.0726246546822,1944.8468655432387,36.0
Pacific,2068.9,2013.2250246944598,2012.7357997034514,2013.5952368789,86.0
Pacific,2099.3,2044.7173494543613,2044.212169885149,2045.1330128714696,125.0
Pacific,2122.9,2070.044446228503,2069.5874334821065,2070.4616871442354,165.0
Pacific,2152.3,2115.0242452467623,2114.7135047692764,2115.3512314918275,264.0
Pacific,2191.3,2182.1053468267246,2181.886089365596,2182.3276949883375,364.0
Pacific,1932.9,1937.678703898824,1937.2542241936567,1938.0697239276462,6.0
Pacific,1935.1,1938.099780225445,1937.678168825375,1938.4897555327148,40.0
Pacific,1980.7,1955.1042791738946,1954.6992669557264,1955.4411482712135,65.0
Pacific,2054.4,2001.6893207736123,2001.248600040047,2002.0161877750193,90.0
Pacific,2102.1,2046.5443762191849,2046.0362616260613,2046.9627099081476,135.0
Pacific,2125.5,2076.8989329117558,2076.4521459498715,2077.3155452082224,184.0
Pacific,2145.3,2106.6426286678934,2106.3156377729993,2106.995060213833,234.0
Pacific,2173.1,2150.1718675564853,2149.8925523307844,2150.4604633284694,283.0
Pacific,2192.1,2182.9859385002906,2182.7622277098053,2183.2094979181115,349.0
Pacific,2205.0,2206.5897063396064,2206.3997402744585,2206.7788678667234,384.0
Pacific,2208.4,2215.0768087137108,2214.9328960748885,2215.2164892579062,463.0
Pacific,2223.8,2235.5370705019245,2235.411899109479,2235.661092005218,562.0
Pacific,2225.2,2237.825892346408,2237.7106477968077,2237.935017056792,661.0
Pacific,2238.0,2252.399870182385,2252.293836459402,2252.502170175115,759.0
Pacific,2255.3,2268.4871316465546,2268.394552543013,2268.5789291783153,958.0
Pacific,2268.5,2277.615415932817,2277.515272795114,2277.7032292141857,1156.0
Pacific,2283.5,2291.596088249502,2291.503378055108,2291.677856400355,1354.0
Pacific,2299.9,2303.524630962399,2303.421611179063,2303.621710642119,1719.0
Pacific,2313.4,2310.731512721647,2310.6222847477366,2310.8373808864535,2142.0
Pacific,2318.6,2314.410892034255,2314.298463655766,2314.5207883308767,2633.0
Pacific,2319.7,2313.1190045383937,2312.9970507377006,2313.231606514473,3158.0
Pacific,2307.0,2307.4469950033836,2307.30945819864,2307.573667565169,3744.0
Pacific,2263.7,2285.5405960639714,2285.3482704956896,2285.7094354981855,4405.0
Pacific,2262.2,2284.7327533144003,2284.5356423158387,2284.905380291226,4770.0
Pacific,2262.5,2284.357562375473,2284.1608172309443,2284.529714227877,5077.0
Pacific,1934.2,1937.27778505626,1936.8541927254432,1937.6726843235867,6.0
Pacific,2109.2,2053.2204229915724,2052.7076341376273,2053.646540024189,132.0
Pacific,2130.1,2078.866545006587,2078.46658973202,2079.2488536838246,200.0
Pacific,2174.2,2144.2294127145246,2143.932906910376,2144.531674104292,290.0
Pacific,2210.3,2219.709267354472,2219.578163376848,2219.8491361649712,498.0
Pacific,2264.7,2277.1164502352813,2277.021764010604,2277.2024891898905,993.0
Pacific,1935.2,1935.8663192117176,1935.4349073025815,1936.2668707356386,4.0
Pacific,1942.7,1938.5407447090076,1938.1302101875137,1938.936317983728,39.0
Pacific,2082.2,2024.1956419407088,2023.7071723109639,2024.5561746958156,85.0
Pacific,2093.9,2038.2105745967401,2037.7111337605777,2038.6113440690476,110.0
Pacific,2124.9,2065.3541352007355,2064.8910307149786,2065.76762023923,164.0
Pacific,2142.1,2091.9402537343603,2091.5764176587036,2092.308316322686,214.0
Pacific,2168.1,2136.0324641873276,2135.7154868681546,2136.3565243415906,263.0
Pacific,2184.7,2156.6134806328496,2156.3238526454707,2156.9004497148203,298.0
Pacific,2201.6,2192.508998726996,2192.269436335037,2192.746427449643,348.0
Pacific,2213.2,2215.302912029027,2215.1309396423494,2215.472141862668,433.0
Pacific,2223.2,2233.8467272893863,2233.713293528944,2233.970888618923,533.0
Pacific,2233.4,2248.027293088787,2247.912878332669,2248.1356225846002,646.0
Pacific,2241.4,2256.391913565608,2256.280565956127,2256.4938102859055,730.0
Pacific,2261.9,2274.6223849816492,2274.5212889303198,2274.7114450888903,930.0
Pacific,2280.9,2289.3503684251373,2289.2684493899096,2289.4239096007927,1127.0
Pacific,2290.1,2296.0291471921396,2295.9483410526773,2296.1074710860084,1325.0
Pacific,2301.6,2303.166144961251,2303.0681177161364,2303.2616469087984,1649.0
Pacific,2311.3,2309.765162530928,2309.656883166526,2309.8691892855354,2064.0
Pacific,2322.0,2314.9306687027447,2314.8193925303153,2315.039765527661,2555.0
Pacific,2315.9,2313.053255166147,2312.931360592709,2313.165765585079,3060.0
Pacific,2312.2,2307.957914681954,2307.8208089057275,2308.084105807018,3649.0
Pacific,2274.7,2290.626892477272,2290.4429481457264,2290.7863533516875,4293.0
Pacific,2264.1,2285.009920926347,2284.814098148687,2285.1811993792253,4950.0
Pacific,2263.5,2284.6474872889075,2284.4518035730594,2284.818583534351,5115.0
Pacific,1927.6,1931.1819948559707,1930.7457452020237,1931.5985984108509,6.0
Pacific,1927.1,1931.824108089384,1931.3881189834099,1932.237125573639,33.0
Pacific,2110.1,2051.142503387689,2050.631481522433,2051.564160650164,130.0
Pacific,2150.6,2114.45215076285,2114.1209662584665,2114.8046803197353,235.0
Pacific,2193.8,2182.5582745176766,2182.2888945762516,2182.8219807164733,323.0
Pacific,2221.9,2234.8678077241584,2234.744973361654,2234.9932658559214,562.0
Pacific,2266.9,2278.772996037958,2278.6740355924853,2278.856147354738,959.0
Pacific,1924.0,1929.4983974136958,1929.057099555813,1929.9247313748615,5.0
Pacific,2037.3,1981.6895619778568,1981.285214873661,1982.0150290367792,75.0
Pacific,2076.9,2018.8946173856857,2018.4207560777588,2019.2522876126693,100.0
Pacific,2113.7,2057.656101999548,2057.142732239989,2058.0856506837067,149.0
Pacific,2173.4,2140.1443352773776,2139.8330643120194,2140.4605374797,249.0
Pacific,2193.0,2183.5615685013704,2183.2943795036094,2183.824883178756,298.0
Pacific,2197.5,2189.690651800444,2189.446793214345,2189.929076012631,328.0
Pacific,2199.9,2204.0437601919334,2203.8639889809547,2204.215207398597,398.0
Pacific,2212.6,2220.2849313685306,2220.1508427903973,2220.4168292504655,497.0
Pacific,2239.9,2251.5780123698496,2251.4598808742644,2251.6809516639923,695.0
Pacific,2274.6,2284.548980177397,2284.458076630814,2284.624356757137,994.0
Pacific,2316.4,2312.0711944012737,2311.970016924551,2312.1710634705037,1980.0
Pacific,2322.7,2317.42599044071,2317.3168588448007,2317.5331903994843,2718.0
Pacific,2313.6,2308.9525803525526,2308.818195712805,2309.0757724367836,3551.0
Pacific,2305.9,2305.459610270781,2305.3156183113065,2305.5931643796375,3844.0
Pacific,2271.8,2289.8674439646175,2289.680338052862,2290.029736360172,4234.0
Pacific,2265.0,2285.462034218227,2285.2659986680496,2285.633146125966,4624.0
Pacific,2261.8,2284.412323924498,2284.2157821696114,2284.5843867929416,5013.0
Pacific,2264.8,2284.1524886381662,2283.9563026537903,2284.3241967849845,5201.0
Pacific,1929.2,1931.2486825417284,1930.810665834704,1931.664898440032,36.0
Pacific,2118.5,2055.8150176438553,2055.304826310891,2056.237272051621,130.0
Pacific,2131.3,2072.3027610407585,2071.8642899552615,2072.706986792299,165.0
Pacific,2145.6,2091.8838292564733,2091.5178126341325,2092.2525720908675,213.0
Pacific,2196.2,2184.7668241951824,2184.50552922688,2185.0212853618573,314.0
Pacific,2203.4,2208.89068490076,2208.720661687203,2209.0518601488343,434.0
Pacific,2235.6,2247.8863113491634,2247.769393439584,2247.993328429748,632.0
Pacific,2254.3,2267.947843307076,2267.840169903525,2268.03997245489,829.0
Pacific,2290.5,2297.853062754802,2297.7772057233374,2297.922410800845,1127.0
Pacific,2306.3,2307.197525418466,2307.1129207107047,2307.2741044046675,1453.0
Pacific,2325.5,2317.5441476555457,2317.4403529422184,2317.6454217768232,2310.0
Pacific,2324.4,2316.1915857856775,2316.079602973123,2316.301372883197,2801.0
Pacific,2319.2,2315.0896440599354,2314.972487694657,2315.202320878952,3061.0
Pacific,2309.6,2307.8951756516058,2307.757475852637,2308.0221457454204,3649.0
Pacific,2267.8,2287.078639170504,2286.886639071806,2287.2461684940677,4365.0
Pacific,2265.3,2285.5011530082834,2285.3053279017313,2285.6720906684427,4754.0
Pacific,2264.0,2284.4851223949477,2284.2892486944284,2284.6565385956815,5144.0
Pacific,2264.5,2283.976188671573,2283.7803679692133,2284.147428959517,5332.0
Pacific,1926.1,1929.137112996596,1928.6946486606291,1929.5649491539236,6.0
Pacific,2014.0,1962.1809727187372,1961.7868295545927,1962.5350586902252,60.0
Pacific,2110.1,2052.8100135425907,2052.2956454209198,2053.227267492829,140.0
Pacific,2132.0,2075.2919035753785,2074.8638078835675,2075.6902195043267,184.0
Pacific,2194.0,2176.635961681316,2176.34545897101,2176.915648797855,273.0
Pacific,2204.6,2202.6668686689595,2202.4776656418358,2202.854402215094,382.0
Pacific,2216.6,2222.990512525515,2222.8380864866895,2223.1399012142992,462.0
Pacific,2236.9,2248.8022506479974,2248.684977587339,2248.911913064692,660.0
Pacific,2254.6,2267.119865172691,2267.016843082964,2267.214042860202,859.0
Pacific,2282.3,2291.8665725857163,2291.7843236407466,2291.935903283145,1057.0
Pacific,2295.9,2302.4575438655047,2302.379866548802,2302.526417237645,1256.0
Pacific,2319.5,2315.7513819658593,2315.6572966050658,2315.84257918806,1916.0
Pacific,2324.6,2315.6855332475902,2315.5710746790724,2315.7973207520026,2879.0
Pacific,2311.1,2307.318687798157,2307.1796635870332,2307.4473962878187,3745.0
Pacific,2295.1,2299.1465910067895,2298.986806518699,2299.291610699891,4183.0
Pacific,2268.5,2288.1836010960933,2287.991349531151,2288.3504778193173,4380.0
Pacific,2265.6,2285.456662952787,2285.2599187475416,2285.6282167126215,4623.0
Pacific,2263.7,2285.019956493616,2284.8234396253547,2285.1918471732833,4800.0
Pacific,2263.6,2284.3277420696295,2284.1305137040745,2284.500362457995,4870.0
Pacific,1923.7,1928.578159247659,1928.131397048005,1929.0095117155124,24.0
Pacific,2079.2,2019.6870629809123,2019.2107978783263,2020.0450430510825,100.0
Pacific,2114.3,2057.0629676067847,2056.5488195610505,2057.485474193239,140.0
Pacific,2196.6,2173.8915943172015,2173.573362095296,2174.1888679339813,250.0
Pacific,2207.2,2196.1931872308583,2195.939066225315,2196.442673505525,299.0
Pacific,2207.5,2205.35613636025,2205.142776259539,2205.569465829946,349.0
Pacific,2212.8,2217.246392527197,2217.0613807103973,2217.424905212987,398.0
Pacific,2216.0,2228.4182113213824,2228.2769377459504,2228.5534636874963,497.0
Pacific,2234.5,2247.7056266747695,2247.588116253864,2247.812551876647,695.0
Pacific,2268.3,2281.2488313835147,2281.153573660609,2281.3335467281336,893.0
Pacific,2287.0,2294.8387896588238,2294.7616347396493,2294.9077524738645,1091.0
Pacific,2301.8,2305.4965574299044,2305.41426987584,2305.5675584649225,1387.0
Pacific,2321.6,2317.4098389083547,2317.314202802305,2317.503681542409,1980.0
Pacific,2320.8,2315.826344111253,2315.714469815396,2315.9360368989906,2717.0
Pacific,2310.4,2308.3170309933935,2308.1806988368417,2308.442412853568,3550.0
Pacific,2290.5,2297.320233055606,2297.1554928772,2297.467892057459,4233.0
Pacific,2265.2,2285.7234888014837,2285.5274221708623,2285.89445718272,4623.0
Pacific,2263.8,2284.491945964545,2284.2963326341915,2284.6632161715465,5110.0
Pacific,1926.6,1928.4106870335672,1927.9629514385792,1928.8424492475344,6.0
Pacific,2005.4,1960.5998466000397,1960.200783286669,1960.9560202566083,61.0
Pacific,2053.4,1995.1720830069994,1994.7691732045778,1995.4602651834336,84.0
Pacific,2121.7,2061.131346337695,2060.635347014942,2061.55591394019,151.0
Pacific,2142.9,2092.086748135455,2091.706127228633,2092.4667432817378,216.0
Pacific,2209.3,2183.498820318226,2183.182481808964,2183.784445028404,274.0
Pacific,2209.8,2204.9465437802855,2204.701011687616,2205.1857831408574,314.0
Pacific,2213.0,2215.3741506419547,2215.1692502939754,2215.575865501085,363.0
Pacific,2234.9,2248.8351188272463,2248.706004912451,2248.9492001857393,631.0
Pacific,2246.8,2262.734180794121,2262.6183850761554,2262.835038478825,730.0
Pacific,2266.9,2279.5071168707827,2279.4029105441473,2279.59734885573,829.0
Pacific,2273.5,2290.015145625675,2289.925907666469,2290.094050122347,928.0
Pacific,2285.3,2295.5402774740014,2295.461923631159,2295.6094107221893,1028.0
Pacific,2293.5,2301.1619035801455,2301.084701786332,2301.230007410907,1225.0
Pacific,2312.2,2311.6257967688107,2311.5347576536783,2311.710888960181,1650.0
Pacific,2328.5,2319.9478413013385,2319.8462435042834,2320.048663126619,2309.0
Pacific,2326.2,2318.7754192323055,2318.6683831607415,2318.8791259465847,2555.0
Pacific,2321.5,2313.588504335612,2313.4677963673066,2313.701074508695,3061.0
Pacific,2306.6,2306.098282977566,2305.956309135085,2306.229474668539,3647.0
Pacific,2301.1,2302.390327739869,2302.237944510381,2302.5305280538314,3941.0
Pacific,2296.8,2300.27419682003,2300.1161097223394,2300.4185413611863,4233.0
Pacific,2281.6,2293.1063096259977,2292.9287367914476,2293.2599279443734,4559.0
Pacific,2270.4,2287.6466817493556,2287.457081995264,2287.8123244029,4948.0
Pacific,2264.5,2284.1655513708974,2283.970071475967,2284.33649392827,5186.0
Pacific,1922.6,1928.0719057111887,1927.618148308793,1928.5058545946977,5.0
Pacific,2014.8,1965.8827504226292,1965.4953314590098,1966.2426023185355,61.0
Pacific,2070.4,2013.6706325860994,2013.2069767546482,2014.032650082287,100.0
Pacific,2113.3,2053.432211695981,2052.9058663428364,2053.8680190926984,151.0
Pacific,2132.5,2072.9652355283642,2072.5288624634595,2073.3684780493277,185.0
Pacific,2167.2,2124.5159004796706,2124.17601128626,2124.859410258887,234.0
Pacific,2228.4,2211.1515763658676,2210.825127476206,2211.412898747253,284.0
Pacific,2211.0,2209.398867587517,2209.17449855477,2209.6175283110297,334.0
Pacific,2216.4,2226.6578367842967,2226.5057933937287,2226.805437318419,463.0
Pacific,2229.6,2241.5980412998624,2241.465452064629,2241.721532951227,562.0
Pacific,2236.2,2249.5511478191593,2249.4317076060324,2249.6612478989728,660.0
Pacific,2273.2,2287.9238115708426,2287.8252227708567,2288.0145128582067,818.0
Pacific,2293.0,2299.2944170757996,2299.2177058172356,2299.362879162183,1157.0
Pacific,2306.3,2307.3290798434405,2307.241604303059,2307.410499211445,1522.0
Pacific,2325.7,2319.697328869782,2319.5981217885146,2319.7958826695913,2142.0
Pacific,2323.2,2316.5998699386923,2316.484770599533,2316.7111938512435,2879.0
Pacific,2311.0,2308.1671674210193,2308.0293711001727,2308.295095152902,3516.0
Pacific,2298.2,2301.3897672015282,2301.2335586850954,2301.5331494702627,4297.0
Pacific,2270.7,2287.7384926275654,2287.549944451172,2287.903437589786,5076.0
Pacific,2270.7,2286.9090721590646,2286.7204436903808,2287.0746522050513,5265.0
Pacific,1930.2,1931.365565252451,1930.920525494553,1931.7850148868756,5.0
Pacific,1961.7,1942.042408212265,1941.613780396261,1942.4352916336184,50.0
Pacific,2019.8,1973.803484247197,1973.3996278219543,1974.1512054388375,75.0
Pacific,2073.3,2009.9695510252227,2009.4845566946128,2010.3462245199587,100.0
Pacific,2117.6,2060.0129370174413,2059.4823509176454,2060.455057261507,136.0
Pacific,2143.1,2091.4884323026217,2091.0991566113853,2091.872756133828,200.0
Pacific,2180.4,2144.574164988013,2144.2466032470898,2144.896771254022,249.0
Pacific,2222.8,2211.368015754181,2211.0620661225707,2211.616410628422,284.0
Pacific,2202.8,2203.193058139552,2202.9794312691906,2203.3997006399345,348.0
Pacific,2220.6,2229.193970255671,2229.0256343105984,2229.356065154759,428.0
Pacific,2225.0,2236.2009643941465,2236.0617329917823,2236.341153859279,496.0
Pacific,2232.6,2243.3561481794,2243.224359010406,2243.47718475704,593.0
Pacific,2269.2,2282.665301297061,2282.5668177551265,2282.7586301774672,795.0
Pacific,2288.7,2298.1298083325255,2298.052642828525,2298.2013521066674,993.0
Pacific,2292.6,2299.0033696326673,2298.9252398842555,2299.072939947641,1192.0
Pacific,2318.8,2313.1528242264403,2313.0648303756243,2313.23394100088,1684.0
Pacific,2329.4,2322.3329154773674,2322.2383397552853,2322.4249872776354,2129.0
Pacific,2329.2,2318.0225604724296,2317.9122245319413,2318.130136149228,2718.0
Pacific,2313.5,2310.869754476161,2310.740214473075,2310.9878141386935,3355.0
Pacific,2302.2,2303.405134711875,2303.2541740711536,2303.5444262482347,4086.0
Pacific,2279.3,2290.476304503698,2290.2929328560353,2290.6352966685736,4866.0
Pacific,2271.9,2286.596432794217,2286.408757401849,2286.761659778676,5499.0
Pacific,2268.6,2286.040533041129,2285.8525632516653,2286.2060265686937,5650.0
Pacific,1935.0,1934.0720580792865,1933.6406630951806,1934.4863493441262,6.0
Pacific,1992.3,1952.4509114440327,1952.022880591356,1952.8001386220017,60.0
Pacific,2116.2,2058.830733952174,2058.3084692057964,2059.266503898641,145.0
Pacific,2227.8,2229.375511657867,2229.1215593617094,2229.5840885740186,314.0
Pacific,2228.2,2239.1448179464296,2238.9844438265636,2239.3026650351326,467.0
Pacific,2253.8,2271.9999937318566,2271.878144596587,2272.109267085804,631.0
Pacific,2279.0,2293.254354438371,2293.1707859035455,2293.336595998326,829.0
Pacific,2292.8,2300.1813683780606,2300.107670241004,2300.250342826318,1028.0
Pacific,1943.2,1935.448965140376,1935.0143419310298,1935.8654841753814,6.0
Pacific,1944.0,1936.666539974953,1936.2367822375159,1937.0772940766672,20.0
Pacific,1946.0,1937.2081152536027,1936.77855526794,1937.6173682393362,66.0
Pacific,2048.2,2002.1321869293251,2001.623899067033,2002.51522681084,105.0
Pacific,2107.5,2021.7390824827949,2021.3699267303925,2022.0449700163363,136.0
Pacific,2149.8,2107.6968565603815,2107.3324128007853,2108.075836890624,186.0
Pacific,2204.2,2176.7705173263107,2176.4381964653408,2177.0728238177458,235.0
Pacific,2216.9,2207.1240423649633,2206.844261779137,2207.3680990528924,285.0
Pacific,2235.5,2234.615271683477,2234.335989756276,2234.8258196661563,320.0
Pacific,2234.0,2235.5791486847834,2235.354167441053,2235.775801283755,374.0
Pacific,2233.9,2241.9603951430686,2241.8026074109453,2242.1218909413733,462.0
Pacific,2245.4,2259.27070564707,2259.1393808887456,2259.3924580833527,564.0
Pacific,2266.8,2282.7385825638817,2282.625592007803,2282.8428120308763,662.0
Pacific,2279.4,2295.335714993789,2295.2353241415967,2295.429538752846,762.0
Southern Ocean,2085.4,2079.4162523998084,2079.092654528724,2079.7221913856365,12.0
Southern Ocean,2086.9,2079.3530248722864,2079.028402044024,2079.6600126519565,12.0
Southern Ocean,2085.2,2079.4558480837445,2079.132566720335,2079.7615244492745,30.0
Southern Ocean,2085.6,2079.382177925077,2079.0579058016806,2079.6888813379996,31.0
Southern Ocean,2086.3,2079.4586521681804,2079.1350017879477,2079.7648403015455,60.0
Southern Ocean,2084.9,2079.3515755416493,2079.0274867757093,2079.658150950558,60.0
Southern Ocean,2086.2,2079.6871866387955,2079.3640161223875,2079.993128730317,91.0
Southern Ocean,2085.9,2079.6670411312716,2079.343098445852,2079.9738171393456,91.0
Southern Ocean,2117.2,2101.052907234065,2100.5958545349654,2101.5620715433406,117.0
Southern Ocean,2118.0,2101.2293100787306,2100.769980530327,2101.742200714591,118.0
Southern Ocean,2118.6,2101.1101072939814,2100.6384762628977,2101.6376239447163,147.0
Southern Ocean,2119.3,2101.032483431675,2100.5612725232145,2101.558974838673,148.0
Southern Ocean,2118.3,2101.9943287453852,2101.54762768909,2102.488049331745,199.0
Southern Ocean,2117.7,2101.904064813181,2101.4588773045216,2102.395160019177,200.0
Southern Ocean,2124.7,2109.4067165574447,2109.033399961408,2109.8284345119146,298.0
Southern Ocean,2130.7,2116.464380749605,2116.132822061106,2116.832430592762,397.0
Southern Ocean,2152.6,2145.3765698501993,2145.0637528549796,2145.694829020323,595.0
Southern Ocean,2203.4,2200.281845915745,2200.047454626999,2200.477130630991,992.0
Southern Ocean,2227.6,2224.2988614419623,2223.998852500175,2224.521106627725,1189.0
Southern Ocean,2254.5,2250.452771933281,2250.1453079425123,2250.695214873628,1566.0
Southern Ocean,2254.9,2250.8123252463784,2250.607985050149,2250.965133123438,1778.0
Southern Ocean,2258.0,2254.3983126183416,2254.2179860480464,2254.539056660095,1972.0
Southern Ocean,2087.8,2081.418947170724,2080.9745164947703,2081.9224604730744,7.0
Southern Ocean,2088.4,2083.436174617783,2082.9786952794925,2083.9343924594486,8.0
Southern Ocean,2088.4,2081.271828729737,2080.8274239700686,2081.77586157202,30.0
Southern Ocean,2090.2,2081.359423689246,2080.9137172592923,2081.8638937224473,30.0
Southern Ocean,2090.7,2081.655465850829,2081.2309633481755,2082.143440124696,58.0
Southern Ocean,2090.0,2081.4823521602134,2081.0527747911265,2081.9750414656064,59.0
Southern Ocean,2090.3,2082.863504206599,2082.388207346786,2083.3797152982925,88.0
Southern Ocean,2089.8,2082.795696692486,2082.317827964755,2083.315950390119,91.0
Southern Ocean,2093.1,2085.2315410436304,2084.735276112231,2085.769692562118,117.0
Southern Ocean,2093.0,2084.910639341562,2084.4185290629453,2085.445587468815,118.0
Southern Ocean,2116.7,2104.9269355917368,2104.2606407135722,2105.7614035686775,147.0
Southern Ocean,2117.1,2104.894788944698,2104.228790553056,2105.7288300409546,147.0
Southern Ocean,2120.9,2106.09223122777,2105.507740405051,2106.823796845419,197.0
Southern Ocean,2122.0,2106.0481594506164,2105.464062422221,2106.7790029180596,197.0
Southern Ocean,2125.5,2109.876197849985,2109.4535775675754,2110.3807934224274,298.0
Southern Ocean,2124.2,2110.119349697392,2109.840589067081,2110.445305292393,396.0
Southern Ocean,2142.9,2132.136870995851,2131.7972963169063,2132.49626887154,590.0
Southern Ocean,2167.1,2163.3833456053353,2163.0878665532096,2163.687569571578,791.0
Southern Ocean,2189.7,2189.107840214308,2188.8484333732117,2189.3354975575007,989.0
Southern Ocean,2221.6,2216.3404964237106,2216.0884011689286,2216.563318245472,1185.0
Southern Ocean,2241.8,2234.8569030788512,2234.526734716396,2235.099160734561,1385.0
Southern Ocean,2248.5,2245.5950147504727,2245.273466054861,2245.8357026337594,1578.0
Southern Ocean,2254.2,2250.665369583567,2250.4044766175257,2250.8686637645665,1779.0
Southern Ocean,2254.9,2253.2394747424623,2253.0395578970392,2253.400636718719,1967.0
Southern Ocean,2085.3,2078.5858755534,2078.2425336232695,2078.919109511748,6.0
Southern Ocean,2085.9,2078.5960131598895,2078.253441709556,2078.928774269842,7.0
Southern Ocean,2083.0,2078.5810607067483,2078.2378121547226,2078.9143514517914,30.0
Southern Ocean,2084.3,2078.7598324650394,2078.4173080416153,2079.091259567808,31.0
Southern Ocean,2087.5,2079.56682396817,2079.2257651400632,2079.8886029393066,60.0
Southern Ocean,2078.7,2079.4492435622565,2079.1077071448367,2079.7724994890323,60.0
Southern Ocean,2087.1,2079.9823340684975,2079.6422029653068,2080.2987151942825,90.0
Southern Ocean,2094.3,2085.031957549084,2084.676834239308,2085.4161694007157,120.0
Southern Ocean,2094.0,2085.6060259698293,2085.2444230539036,2086.0041503435123,120.0
Southern Ocean,2124.7,2108.3987900082802,2107.9508625893977,2108.935109369252,149.0
Southern Ocean,2125.6,2108.8286302866877,2108.379741313355,2109.3687619315433,150.0
Southern Ocean,2138.2,2127.58550080731,2127.0720661064956,2128.13642585874,199.0
Southern Ocean,2138.7,2127.4103823018636,2126.896993383014,2127.9625162769016,199.0
Southern Ocean,2132.4,2118.8703495912287,2118.4834766315466,2119.302978619511,297.0
Southern Ocean,2131.8,2117.697243576588,2117.3630364156375,2118.0603952179977,393.0
Southern Ocean,2150.7,2141.7458067716548,2141.4251815084003,2142.0971393167474,592.0
Southern Ocean,2172.3,2169.901432536614,2169.6381375663377,2170.1677258112927,788.0
Southern Ocean,2197.3,2194.4914494984396,2194.2551543095137,2194.7015147460233,982.0
Southern Ocean,2223.3,2219.0954696999697,2218.8067463877755,2219.3109135658256,1182.0
Southern Ocean,2246.4,2237.9639539404197,2237.6146202747223,2238.211778749307,1380.0
Southern Ocean,2249.3,2246.9549148120504,2246.627160803789,2247.2075172741174,1579.0
Southern Ocean,2080.0,2049.467660820504,2048.885572496854,2050.0330184491495,8.0
Southern Ocean,2080.7,2050.034355450782,2049.4672577765928,2050.5931126481246,28.0
Southern Ocean,2123.0,2055.9305756924796,2055.4370534501363,2056.4256675654037,51.0
Southern Ocean,2096.8,2075.6638988389914,2075.1460902940307,2076.225551390342,73.0
Southern Ocean,2110.1,2081.398834328907,2080.827181612356,2081.9995566892435,99.0
Southern Ocean,2115.7,2089.0815179805777,2088.4480857171147,2089.780164115411,148.0
Southern Ocean,2116.1,2089.7409011987743,2089.114681570705,2090.434632631437,198.0
Southern Ocean,2116.8,2089.906779781192,2089.2837467440354,2090.5986714640526,297.0
Southern Ocean,2135.3,2115.1272130010043,2114.6879285174723,2115.6722136201547,400.0
Southern Ocean,2152.7,2136.667557863043,2136.355717640402,2137.0171959877994,496.0
Southern Ocean,2170.1,2158.2868102443454,2157.991296034816,2158.5812095113174,596.0
Southern Ocean,2184.1,2174.929877243776,2174.6871756611904,2175.1728555146105,694.0
Southern Ocean,2195.2,2186.67767882556,2186.4500542958867,2186.8881758501184,793.0
Southern Ocean,2206.6,2197.7887025046434,2197.5675094277462,2197.9843926366816,889.0
Southern Ocean,2218.0,2208.395832696433,2208.173385126629,2208.582050943679,990.0
Southern Ocean,2239.5,2229.2098238988187,2228.9165141277726,2229.4199732435595,1184.0
Southern Ocean,2253.7,2242.0261675009997,2241.7083271154847,2242.2500290265552,1383.0
Southern Ocean,2256.8,2245.9825748607955,2245.7443980084363,2246.1699711797564,1569.0
Southern Ocean,2258.8,2246.440365257419,2246.2800559915877,2246.568208548814,1765.0
Southern Ocean,2255.3,2246.6244841227262,2246.5060297013815,2246.723200773965,1959.0
Southern Ocean,2250.9,2244.827636262155,2244.680397142418,2244.9779984248794,2257.0
Southern Ocean,2113.4,2084.7445820261505,2083.848320178157,2085.3650493715245,16.0
Southern Ocean,2118.2,2084.1898675326815,2083.2887111883024,2084.8156001588613,30.0
Southern Ocean,2107.7,2086.504361240647,2085.66282859526,2087.1029923047563,70.0
Southern Ocean,2138.6,2110.93218489333,2110.4384511448616,2111.3083411674274,101.0
Southern Ocean,2149.3,2122.809924229955,2122.4574575819515,2123.0771046359205,149.0
Southern Ocean,2154.8,2128.7641304811077,2128.467224239203,2128.9988333821493,197.0
Southern Ocean,2173.8,2156.3843105453193,2156.1962347963504,2156.5248585824565,297.0
Southern Ocean,2187.4,2173.739129416555,2173.545484768497,2173.8847356138886,397.0
Southern Ocean,2203.1,2189.851947091643,2189.6523993472883,2190.0197863586227,496.0
Southern Ocean,2217.4,2204.775715749856,2204.572669042899,2204.957389917558,594.0
Southern Ocean,2231.7,2218.440545183602,2218.2058554692126,2218.635151186989,694.0
Southern Ocean,2244.6,2232.7944056288898,2232.503753382941,2233.0116203450157,792.0
Southern Ocean,2250.9,2239.7491766958474,2239.4571635028083,2239.9620452950894,890.0
Southern Ocean,2249.6,2242.303350346002,2242.0755950833063,2242.470254961791,990.0
Southern Ocean,2250.1,2243.5326078494986,2243.381383834565,2243.639436763658,1187.0
Southern Ocean,2247.5,2238.7486271172647,2238.588666235392,2238.909502913695,1381.0
Southern Ocean,2246.2,2241.519775855204,2241.3303239499783,2241.713333666951,1675.0
Southern Ocean,2244.3,2238.3905325807686,2238.1631118343435,2238.672303211002,1776.0
Southern Ocean,2247.5,2238.9620672130327,2238.737696242793,2239.242634071491,1975.0
Southern Ocean,2251.3,2243.913754995627,2243.722493628459,2244.1352465660243,2266.0
Southern Ocean,2117.2,2095.368947830039,2094.639599586501,2095.88987453835,15.0
Southern Ocean,2117.0,2095.7263118594474,2095.0022908673077,2096.2426293307767,30.0
Southern Ocean,2124.1,2103.240962640372,2102.637216778913,2103.6843360387625,75.0
Southern Ocean,2126.9,2104.441490367318,2103.8493600200427,2104.8741457499304,79.0
Southern Ocean,2142.8,2115.47607173896,2115.0031495332623,2115.830611321677,99.0
Southern Ocean,2158.4,2130.2731027882137,2129.944373173609,2130.559615027758,148.0
Southern Ocean,2165.2,2139.0711362340307,2138.8091257283418,2139.3068108135253,198.0
Southern Ocean,2191.3,2172.3691940440835,2172.1548654006065,2172.5362200127342,298.0
Southern Ocean,2213.4,2198.253299940907,2198.040748450934,2198.427954824867,396.0
Southern Ocean,2233.6,2221.7697351360366,2221.5284440945493,2221.9778725745273,496.0
Southern Ocean,2245.0,2234.48209658738,2234.190497216777,2234.7115498638727,594.0
Southern Ocean,2255.2,2245.8640000682653,2245.5949847201678,2246.0681111188014,793.0
Southern Ocean,2253.2,2247.0379473276835,2246.876852454523,2247.1591753379885,986.0
Southern Ocean,2251.5,2245.4968537098425,2245.3843974945607,2245.596876333268,1186.0
Southern Ocean,2248.8,2244.6137701647763,2244.484727061161,2244.7446343681236,1383.0
Southern Ocean,2248.0,2243.5317941990434,2243.3549995275484,2243.7100349019765,1579.0
Southern Ocean,2247.4,2242.8779448009363,2242.683002544688,2243.087449482908,1776.0
Southern Ocean,2250.2,2243.553907598076,2243.360212544091,2243.769921121776,1974.0
Southern Ocean,2119.0,2091.4477221798456,2090.6254449459825,2092.034605577427,6.0
Southern Ocean,2118.5,2091.5208236503076,2090.6994108908316,2092.1074426127743,25.0
Southern Ocean,2119.4,2091.4030285282447,2090.585500907143,2091.9855341971756,51.0
Southern Ocean,2118.4,2091.569671659138,2090.7528283665556,2092.152672623769,76.0
Southern Ocean,2119.9,2093.688826610821,2092.906746688843,2094.246938692857,102.0
Southern Ocean,2131.9,2107.4885692380294,2106.925791521193,2107.8978580880025,124.0
Southern Ocean,2137.4,2114.7010115640774,2114.235750801955,2115.052404976282,149.0
Southern Ocean,2145.0,2126.945412803891,2126.6223197846775,2127.195391574334,173.0
Southern Ocean,2149.9,2132.203569286393,2131.9868450041467,2132.3740042667678,197.0
Southern Ocean,2154.0,2138.70628900868,2138.547066363656,2138.8465900022784,222.0
Southern Ocean,2156.2,2141.396949414626,2141.2338282772525,2141.543337545057,247.0
Southern Ocean,2160.7,2143.6585648229293,2143.4505576598795,2143.8443524462664,297.0
Southern Ocean,2168.8,2154.236756633956,2154.040569063883,2154.3925538557023,347.0
Southern Ocean,2176.0,2164.840615110981,2164.64029595962,2164.996952451881,396.0
Southern Ocean,2198.5,2191.144364975961,2190.92841417648,2191.328564891444,595.0
Southern Ocean,2218.1,2211.7348544316687,2211.4830668092613,2211.9441357679557,791.0
Southern Ocean,2238.4,2232.658592355088,2232.3367925078037,2232.894823191412,988.0
Southern Ocean,2250.1,2244.790177238083,2244.4581859457676,2245.0412002085072,1187.0
Southern Ocean,2253.0,2251.8181860510804,2251.6136310000866,2251.9730701871986,1580.0
Southern Ocean,2252.3,2250.13183155827,2250.0248530724907,2250.235873700627,1974.0
Southern Ocean,2105.5,2087.9272323862447,2087.55162848825,2088.210080108812,3.0
Southern Ocean,2104.9,2087.946171990349,2087.570471047798,2088.2285857475285,25.0
Southern Ocean,2105.5,2088.018290709203,2087.6419332856894,2088.2996015878985,50.0
Southern Ocean,2104.4,2087.910230506114,2087.533888229105,2088.192827313957,76.0
Southern Ocean,2104.8,2088.0057077777437,2087.6300666452657,2088.287041127948,100.0
Southern Ocean,2114.5,2093.220082322653,2092.972001294776,2093.4406939687133,124.0
Southern Ocean,2126.0,2103.664049076805,2103.41348292962,2103.883558670731,149.0
Southern Ocean,2126.1,2104.059859704046,2103.7736795328237,2104.3233617255996,174.0
Southern Ocean,2129.7,2105.9288766972486,2105.652586411417,2106.185490166859,198.0
Southern Ocean,2127.8,2106.4794862570816,2106.172487883431,2106.8278005727548,224.0
Southern Ocean,2129.5,2107.9965887727208,2107.6994957976676,2108.3252096478595,249.0
Southern Ocean,2128.3,2108.3121330752647,2108.0048038055465,2108.6652474827306,299.0
Southern Ocean,2129.6,2109.295993318716,2108.990366345913,2109.6433783832153,349.0
Southern Ocean,2131.9,2110.9964679407685,2110.7080919688847,2111.295279469307,397.0
Southern Ocean,2148.7,2135.1074681990235,2134.8637891804456,2135.353702223306,596.0
Southern Ocean,2173.8,2165.8861959536343,2165.655673378267,2166.117366399656,793.0
Southern Ocean,2199.5,2193.2017466344455,2192.9708727928632,2193.409641943911,992.0
Southern Ocean,2217.9,2211.6456272440387,2211.386118569565,2211.8545214020946,1188.0
Southern Ocean,2235.8,2229.8566004135164,2229.5488779604802,2230.0821634735835,1385.0
Southern Ocean,2250.1,2243.7996775418787,2243.4570585238735,2244.056135302237,1579.0
Southern Ocean,2254.1,2250.5912286808425,2250.3250864960537,2250.798196643226,1777.0
Southern Ocean,2253.0,2249.991557908994,2249.704596758811,2250.213232426006,1779.0
Southern Ocean,2253.6,2252.1392170269273,2251.9329253474925,2252.2994775562875,1973.0
Southern Ocean,2195.3,2183.7624833105087,2183.483314376241,2184.113993500974,6.0
Southern Ocean,2193.2,2183.6125612937335,2183.333303615182,2183.9507213645,20.0
Southern Ocean,2195.5,2183.4431593999057,2183.1639846769044,2183.796283088389,40.0
Southern Ocean,2196.2,2183.649403902385,2183.3706307360585,2184.0104184242878,64.0
Southern Ocean,2193.8,2183.4931022146184,2183.2139621129722,2183.851500382636,90.0
Southern Ocean,2248.0,2255.3340478263335,2255.157129769525,2255.4738095601774,139.0
Southern Ocean,2254.0,2258.773510548765,2258.599920816881,2258.899878136232,184.0
Southern Ocean,2255.5,2258.384789615853,2258.246088254721,2258.4899645781843,233.0
Southern Ocean,2257.4,2259.3608033148885,2259.230194349724,2259.4640330962197,283.0
Southern Ocean,2257.2,2259.1008311938476,2258.991701755852,2259.1942749974764,332.0
Southern Ocean,2257.0,2258.065410834885,2257.9694867791923,2258.150743892348,381.0
Southern Ocean,2258.8,2259.1443152581683,2259.0420730570713,2259.231762826213,431.0
Southern Ocean,2258.1,2259.6526592805326,2259.550286207821,2259.741290503026,481.0
Southern Ocean,2259.2,2260.422181708461,2260.315718298144,2260.5127839555926,560.0
Southern Ocean,2260.5,2260.33737942896,2260.2409843684404,2260.4258085240413,658.0
Southern Ocean,2259.2,2260.13772375247,2260.044590689985,2260.2231654788725,755.0
Southern Ocean,2261.1,2260.328149764873,2260.2374672117426,2260.412295745972,856.0
Southern Ocean,2261.5,2260.3964711220815,2260.311148439046,2260.47860522831,953.0
Southern Ocean,2261.3,2259.840107680879,2259.764576834686,2259.9168904878125,1053.0
Southern Ocean,2260.8,2259.38937846235,2259.322577861639,2259.4616133882187,1151.0
Southern Ocean,2262.2,2260.122427561791,2260.0512052300105,2260.1963666367265,1249.0
Southern Ocean,2261.8,2260.0567012278893,2259.987502731206,2260.1292090993884,1348.0
Southern Ocean,2262.2,2260.1079860352065,2260.040617659728,2260.179893030103,1447.0
Southern Ocean,2262.6,2260.2599638498114,2260.190916604063,2260.331729562497,1544.0
Southern Ocean,2264.2,2260.7828649738954,2260.7056186721975,2260.85885990829,1642.0
Southern Ocean,2261.2,2260.989556057205,2260.912313624915,2261.06530848932,1741.0
Southern Ocean,2263.1,2260.7067813640892,2260.6354628997883,2260.7806039593856,1909.0
Southern Ocean,2261.9,2260.976593479035,2260.9005465048936,2261.051865282516,2104.0
Southern Ocean,2261.5,2260.417698150934,2260.3422393346254,2260.489877470628,2298.0
Southern Ocean,2261.2,2260.0241304972933,2259.9539781268213,2260.0949944825643,2495.0
Southern Ocean,2262.4,2259.6115744743925,2259.544086224032,2259.680128266147,2690.0
Southern Ocean,2262.8,2259.0863793612416,2259.0172148361057,2259.1526331627006,2885.0
Southern Ocean,2262.3,2259.30737205984,2259.2397876925197,2259.374195160358,3096.0
Southern Ocean,2262.7,2258.9730100079637,2258.9049272388124,2259.038727504871,3194.0
Southern Ocean,2261.2,2258.8828907368616,2258.813731593924,2258.947937700382,3271.0
Southern Ocean,2191.2,2181.1555326480902,2180.8808997070814,2181.4802875917353,21.0
Southern Ocean,2191.6,2181.0505722909725,2180.7758167783118,2181.374670908359,23.0
Southern Ocean,2190.7,2180.8085727137245,2180.5352167354276,2181.135114528988,75.0
Southern Ocean,2240.4,2246.5329637020905,2246.4085361121097,2246.650358542937,124.0
Southern Ocean,2249.0,2254.771555077778,2254.6163741062574,2254.901969365577,147.0
Southern Ocean,2252.5,2256.9348359280425,2256.778874381062,2257.053527369136,167.0
Southern Ocean,2254.4,2258.3217604152665,2258.1741134631816,2258.433112777807,199.0
Southern Ocean,2254.8,2258.270358418513,2258.147197420069,2258.3700981217517,248.0
Southern Ocean,2254.3,2258.3088634377445,2258.2016278625038,2258.4024209252434,297.0
Southern Ocean,2255.2,2258.34729458707,2258.2471077012838,2258.434841386135,371.0
Southern Ocean,2255.4,2258.467634809685,2258.372375561455,2258.5528932425564,444.0
Southern Ocean,2257.8,2259.3115866143366,2259.219393082695,2259.3958098970984,593.0
Southern Ocean,2255.9,2258.443118156321,2258.3616481552117,2258.521829599876,693.0
Southern Ocean,2257.5,2258.1670777549607,2258.0941936113795,2258.24229506705,790.0
Southern Ocean,2258.1,2258.4764198883395,2258.405022101956,2258.551844916112,887.0
Southern Ocean,2258.5,2258.5187646063337,2258.449742560067,2258.5907220247473,989.0
Southern Ocean,2258.4,2258.7970778882327,2258.7297731751946,2258.868329583904,1085.0
Southern Ocean,2260.1,2258.824276180156,2258.758589160549,2258.8924015803937,1184.0
Southern Ocean,2260.5,2259.107770540015,2259.042976009751,2259.1762511871543,1284.0
Southern Ocean,2260.6,2260.0226641167274,2259.9537600106837,2260.0954816826056,1381.0
Southern Ocean,2261.2,2260.2677049006634,2260.1956069086045,2260.3397955393584,1483.0
Southern Ocean,2260.9,2260.2448785544434,2260.1751496827846,2260.3172482802884,1579.0
Southern Ocean,2260.8,2260.2340704783633,2260.165370425176,2260.3060414093407,1677.0
Southern Ocean,2261.4,2259.969294129807,2259.902682731188,2260.0399088298936,1776.0
Southern Ocean,2260.9,2259.9517723792396,2259.8819812047254,2260.021059852336,1971.0
Southern Ocean,2261.5,2260.0730497981226,2260.0026364830883,2260.1423383852657,2168.0
Southern Ocean,2261.5,2260.0432963399594,2259.9717231638665,2260.112918382307,2365.0
Southern Ocean,2262.9,2259.989573787119,2259.9167202859744,2260.0595042056357,2559.0
Southern Ocean,2260.8,2259.6955524166215,2259.627679960556,2259.763928146336,2803.0
Southern Ocean,2261.3,2259.488725952557,2259.422018403206,2259.5567767304124,2998.0
Southern Ocean,2262.0,2259.6205106556263,2259.5531146849003,2259.688729384879,3098.0
Southern Ocean,2261.5,2259.4991677646876,2259.432278507723,2259.567194334686,3197.0
Southern Ocean,2186.4,2173.053425197643,2172.806144882681,2173.362130873751,34.0
Southern Ocean,2190.0,2173.326856719348,2173.079806213639,2173.637238476481,36.0
Southern Ocean,2190.6,2173.1956875712763,2172.9486539937852,2173.5062540025197,60.0
Southern Ocean,2189.7,2175.2405581342045,2174.9969166838728,2175.5450015784636,85.0
Southern Ocean,2223.3,2213.7060506300672,2213.5699873492154,2213.8390334445903,109.0
Southern Ocean,2244.3,2244.462880420117,2244.3407986855113,2244.572279585958,138.0
Southern Ocean,2250.1,2252.0928894791,2251.924056296046,2252.2336142950626,159.0
Southern Ocean,2257.9,2258.571247022277,2258.356228752769,2258.7373864257224,181.0
Southern Ocean,2253.5,2258.821611281927,2258.6070735108774,2258.977652868607,203.0
Southern Ocean,2250.2,2257.7591115350806,2257.5895192180055,2257.89040311387,259.0
Southern Ocean,2251.5,2256.563538582378,2256.432378159332,2256.674612011951,316.0
Southern Ocean,2251.3,2255.8970789061427,2255.7800018063435,2256.0005447891103,359.0
Southern Ocean,2252.1,2255.621792671968,2255.5167109327203,2255.7181467568616,411.0
Southern Ocean,2251.4,2255.680579501657,2255.583772806665,2255.7735725013304,459.0
Southern Ocean,2253.5,2255.6641330326593,2255.5780485524715,2255.7452720163897,626.0
Southern Ocean,2251.4,2254.876590797365,2254.7971536384957,2254.9611349540687,724.0
Southern Ocean,2253.5,2256.6055152464555,2256.525606271024,2256.68286627988,823.0
Southern Ocean,2255.5,2256.686393711874,2256.6188789964353,2256.757990920477,1022.0
Southern Ocean,2258.6,2257.026616371833,2256.9632397088853,2257.0955820318113,1121.0
Southern Ocean,2254.3,2257.6580175126855,2257.5904966993135,2257.7277060386887,1216.0
Southern Ocean,2258.5,2257.986325551878,2257.9196711652503,2258.0542843256367,1318.0
Southern Ocean,2261.1,2258.781025525358,2258.716510466317,2258.847876049814,1579.0
Southern Ocean,2259.7,2259.002097857742,2258.9380092377214,2259.0701458824697,1678.0
Southern Ocean,2261.8,2259.4708812156923,2259.405937124701,2259.5388430383473,1977.0
Southern Ocean,2262.0,2259.3555155397303,2259.290253692786,2259.4227053664395,2163.0
Southern Ocean,2261.8,2259.435912922761,2259.3714290752278,2259.504212120411,2366.0
Southern Ocean,2260.3,2259.366798943168,2259.3001340786896,2259.4342335265205,2492.0
Southern Ocean,2258.1,2259.742223554105,2259.673577353209,2259.809670254963,2620.0
Southern Ocean,2260.0,2259.7739440479704,2259.703662990239,2259.8425227516555,2717.0
Southern Ocean,2259.7,2259.398093509776,2259.331983014879,2259.4642411179975,2742.0
Southern Ocean,2186.2,2170.1694897533957,2169.927145844327,2170.4685695423377,40.0
Southern Ocean,2262.9,2258.2489993984486,2258.185668987922,2258.31116118949,2320.0
Southern Ocean,2190.8,2171.911978832194,2171.682469651248,2172.19868756018,7.0
Southern Ocean,2188.8,2171.8976979936992,2171.6686620450196,2172.1813969592536,49.0
Southern Ocean,2194.8,2177.9884317237893,2177.7686126361864,2178.22054934454,99.0
Southern Ocean,2241.0,2232.9477281892673,2232.8062753733966,2233.078619993277,148.0
Southern Ocean,2246.3,2243.212539677916,2242.9975868683055,2243.396912811261,174.0
Southern Ocean,2253.5,2252.284237152074,2251.9905769720617,2252.5217152005025,197.0
Southern Ocean,2253.4,2254.1721682568486,2253.887525260659,2254.391434025917,248.0
Southern Ocean,2255.2,2256.2935678428553,2256.03155541694,2256.494584415421,295.0
Southern Ocean,2255.4,2256.6842413494846,2256.456967695238,2256.8556393967256,348.0
Southern Ocean,2254.3,2256.712282278841,2256.510934376348,2256.871068974919,396.0
Southern Ocean,2252.5,2255.5147944684077,2255.3582112266267,2255.642056792272,445.0
Southern Ocean,2251.3,2255.0772668539857,2254.9418005656903,2255.191331446949,495.0
Southern Ocean,2252.7,2254.4602741215285,2254.3505794415596,2254.555979587238,593.0
Southern Ocean,2251.3,2254.4487900085737,2254.356530779003,2254.5351809553013,694.0
Southern Ocean,2251.9,2254.373324912558,2254.289105269117,2254.4581736359146,792.0
Southern Ocean,2252.5,2254.146044398798,2254.0643340160414,2254.232129295826,891.0
Southern Ocean,2252.6,2254.499149199707,2254.4200077135706,2254.584633529423,990.0
Southern Ocean,2255.5,2254.5509296758,2254.473622878419,2254.631900811537,1084.0
Southern Ocean,2254.7,2255.13283645751,2255.061323155081,2255.2104462566554,1185.0
Southern Ocean,2256.7,2256.5198975458406,2256.4518722069283,2256.5915995011887,1383.0
Southern Ocean,2258.2,2256.7809329201227,2256.7154135967567,2256.850318325018,1479.0
Southern Ocean,2257.2,2257.075595986839,2257.012759140516,2257.144649212061,1577.0
Southern Ocean,2260.0,2257.427336094297,2257.364574664067,2257.4943676154726,1675.0
Southern Ocean,2258.5,2257.6744367237625,2257.608382168561,2257.7405759953153,1777.0
Southern Ocean,2260.3,2258.130321296779,2258.0677789122433,2258.1966819275576,1972.0
Southern Ocean,2260.2,2258.6600431271313,2258.5962198871553,2258.7262272176945,2166.0
Southern Ocean,2261.4,2259.232785907345,2259.169439211566,2259.301288217091,2364.0
Southern Ocean,2261.4,2259.018827688392,2258.9554594292185,2259.08615618332,2560.0
Southern Ocean,2261.3,2258.9211846228427,2258.857752186614,2258.9884692240566,2684.0
Southern Ocean,2261.2,2258.5176713660258,2258.454036672379,2258.5824812930537,2783.0
Southern Ocean,2189.7,2166.9743885942908,2166.750644502595,2167.2445564207756,4.0
Southern Ocean,2190.1,2167.0138293546484,2166.7902218265285,2167.2835519662617,34.0
Southern Ocean,2189.1,2166.9296884297896,2166.7060542410736,2167.199792253282,61.0
Southern Ocean,2189.1,2167.0962130061503,2166.8730523728236,2167.3646580825666,84.0
Southern Ocean,2190.8,2167.4525607322857,2167.230608856058,2167.7196561247697,111.0
Southern Ocean,2200.6,2176.9863247769626,2176.7865323580677,2177.2168683928676,135.0
Southern Ocean,2236.8,2221.7595191104115,2221.6219761676607,2221.8738811772946,159.0
Southern Ocean,2239.4,2229.124317661088,2228.965763905252,2229.266163238165,186.0
Southern Ocean,2246.2,2236.5329979025946,2236.3251192075804,2236.7085581382753,207.0
Southern Ocean,2248.5,2242.9940807498483,2242.7461305552524,2243.2081289628336,234.0
Southern Ocean,2252.8,2248.2625620515396,2247.9869504029207,2248.492667819311,261.0
Southern Ocean,2256.2,2253.235374537526,2252.932637987001,2253.47772975872,312.0
Southern Ocean,2258.6,2255.100919844547,2254.802182812952,2255.3307666914657,362.0
Southern Ocean,2259.2,2256.635049684032,2256.3546894658343,2256.8468250783817,411.0
Southern Ocean,2257.3,2256.2621323522208,2256.022257229611,2256.445748331011,461.0
Southern Ocean,2256.0,2256.032245917376,2255.8211478412477,2256.1948657533076,529.0
Southern Ocean,2255.1,2255.2223931814683,2255.0661668550924,2255.3487730013294,629.0
Southern Ocean,2257.6,2255.1527258744927,2255.0238517814464,2255.2646611809996,726.0
Southern Ocean,2254.7,2254.2052068892895,2254.0949354417394,2254.301043752568,826.0
Southern Ocean,2253.3,2254.227015834212,2254.133885631068,2254.314412888673,924.0
Southern Ocean,2253.9,2253.9042184047726,2253.814469349038,2253.9900039243057,1022.0
Southern Ocean,2255.1,2253.6673518366933,2253.582409778523,2253.75356563972,1122.0
Southern Ocean,2255.3,2254.3701230109023,2254.291093435756,2254.4554255426665,1222.0
Southern Ocean,2257.7,2255.22673522049,2255.1532684076333,2255.308400352091,1447.0
Southern Ocean,2256.6,2255.2422540709504,2255.1714955789766,2255.3168683901667,1545.0
Southern Ocean,2258.8,2256.43568229004,2256.368269027884,2256.506239090242,1742.0
Southern Ocean,2261.4,2256.864673770957,2256.8028967085147,2256.9331552270855,1938.0
Southern Ocean,2261.4,2257.351168513418,2257.2881469660965,2257.4171054080534,2132.0
Southern Ocean,2262.6,2257.548840544032,2257.4857416509767,2257.6130907957368,2330.0
Southern Ocean,2263.6,2258.3002197789215,2258.23599858026,2258.3659268228303,2524.0
Southern Ocean,2265.0,2258.767197481362,2258.703284774377,2258.8343655778444,2720.0
Southern Ocean,2265.8,2258.8998617537973,2258.835749985403,2258.968285475456,2915.0
Southern Ocean,2265.2,2258.5130456831284,2258.449013061543,2258.57930848192,3021.0
Southern Ocean,2188.4,2162.5198818938416,2162.303151617989,2162.7736845406066,5.0
Southern Ocean,2265.0,2258.7107789523807,2258.646751916511,2258.7775757120644,2529.0
Southern Ocean,2194.5,2164.0847596312933,2163.87751165754,2164.319820335997,5.0
Southern Ocean,2193.8,2163.7997519603505,2163.5928173599364,2164.0303366821067,24.0
Southern Ocean,2192.7,2164.8301274402743,2164.617593688142,2165.0816369816685,49.0
Southern Ocean,2192.4,2165.7796941801353,2165.564763585913,2166.0364814347304,74.0
Southern Ocean,2195.5,2165.7597163257587,2165.545048781192,2166.0172520284204,101.0
Southern Ocean,2196.7,2166.4088296478258,2166.1940790162603,2166.6631647391573,125.0
Southern Ocean,2202.3,2175.5748192310425,2175.3765865456317,2175.7888605632647,148.0
Southern Ocean,2238.4,2220.651644768116,2220.5037332033608,2220.7740062761704,200.0
Southern Ocean,2241.9,2225.7828595818332,2225.6178039775,2225.930415651385,250.0
Southern Ocean,2252.1,2243.977462684825,2243.694801279968,2244.211454626302,298.0
Southern Ocean,2257.5,2249.849788703538,2249.529757459225,2250.1064364920935,347.0
Southern Ocean,2260.5,2251.7637388640205,2251.45052766253,2252.0095085762923,398.0
Southern Ocean,2261.9,2254.6724545527145,2254.3878394355665,2254.894070140147,497.0
Southern Ocean,2261.1,2255.30800299597,2255.067193240182,2255.4898528523004,593.0
Southern Ocean,2261.2,2254.871215705276,2254.690856211179,2255.019190396695,694.0
Southern Ocean,2256.6,2254.852790897534,2254.6994401864176,2254.974422164427,790.0
Southern Ocean,2257.7,2254.0885916176603,2253.962310130168,2254.19587667375,890.0
Southern Ocean,2259.8,2253.798555894777,2253.6904295758195,2253.8923933821015,987.0
Southern Ocean,2256.8,2253.75657778166,2253.668036850673,2253.842375770329,1187.0
Southern Ocean,2256.6,2253.850310203562,2253.7626272414996,2253.936379288717,1286.0
Southern Ocean,2261.5,2254.1557560252395,2254.074124794907,2254.2418330283253,1382.0
Southern Ocean,2262.5,2254.2974440055787,2254.2194228665526,2254.381440355732,1483.0
Southern Ocean,2260.1,2254.7697527194373,2254.694328589171,2254.850578912351,1580.0
Southern Ocean,2261.4,2255.289975083738,2255.21898689306,2255.3664599586477,1679.0
Southern Ocean,2266.4,2256.1023852366493,2256.037654706723,2256.17222300242,1871.0
Southern Ocean,2265.9,2256.36077936935,2256.296110683574,2256.427829543979,1971.0
Southern Ocean,2262.5,2256.9497786351276,2256.8888249068355,2257.0168564330766,2170.0
Southern Ocean,2265.0,2257.441107206978,2257.376634956268,2257.5073545926352,2366.0
Southern Ocean,2265.3,2258.2757165279017,2258.2113437881685,2258.3421564069804,2560.0
Southern Ocean,2266.0,2258.685685227575,2258.6217712893767,2258.7535849714054,2753.0
Southern Ocean,2267.6,2258.9282673714624,2258.863345425295,2258.997646175731,2945.0
Southern Ocean,2270.3,2258.816772551703,2258.752454785761,2258.8860819326683,3145.0
Southern Ocean,2270.2,2258.649854156409,2258.5859011130538,2258.7187901526904,3240.0
Southern Ocean,2185.0,2155.94264516598,2155.7502466296596,2156.1452258121694,8.0
Southern Ocean,2271.1,2258.3233353455234,2258.259102685444,2258.391294188359,3438.0
Southern Ocean,2173.2,2152.208181598778,2152.008900531917,2152.393264263744,6.0
Southern Ocean,2174.6,2152.01661745979,2151.8085838624993,2152.2036027406302,20.0
Southern Ocean,2173.7,2152.5544505410394,2152.3556981483785,2152.738944630731,65.0
Southern Ocean,2175.6,2152.623710732516,2152.4248937909947,2152.810288495352,91.0
Southern Ocean,2175.7,2153.8676380041425,2153.6733144089076,2154.0555368491764,134.0
Southern Ocean,2210.6,2194.008366607111,2193.821578893456,2194.1547839922355,183.0
Southern Ocean,2221.6,2209.917910642622,2209.717291249833,2210.07616355338,233.0
Southern Ocean,2231.5,2219.541726496557,2219.335218966008,2219.7289917079843,281.0
Southern Ocean,2236.5,2227.8059434376914,2227.5851873376087,2227.9996114484184,332.0
Southern Ocean,2243.3,2235.2964937430725,2235.021231424104,2235.5211742256356,382.0
Southern Ocean,2250.6,2244.5464106948,2244.2199793462437,2244.811554493465,432.0
Southern Ocean,2252.9,2248.3325422978996,2247.999482406062,2248.6050749339734,481.0
Southern Ocean,2257.6,2254.4996045983225,2254.2078809653126,2254.726183127959,660.0
Southern Ocean,2256.1,2255.1701931117254,2254.9228638076333,2255.358532931201,756.0
Southern Ocean,2256.4,2254.7648704574526,2254.576725534308,2254.922771559662,857.0
Southern Ocean,2256.0,2254.5920271532977,2254.4285003977952,2254.721239553452,955.0
Southern Ocean,2255.6,2254.1368132263597,2254.0051640449583,2254.250851429139,1051.0
Southern Ocean,2254.6,2253.9983944931023,2253.877800446948,2254.099267563653,1155.0
Southern Ocean,2254.2,2253.6069259327787,2253.5119428059893,2253.6961352277,1347.0
Southern Ocean,2255.5,2253.424572990437,2253.3329770286696,2253.511319234164,1447.0
Southern Ocean,2254.4,2253.549236535358,2253.4623035403924,2253.6361266627596,1543.0
Southern Ocean,2256.7,2254.0437427052775,2253.9622463083547,2254.1297444532524,1712.0
Southern Ocean,2259.4,2254.7866246019703,2254.714125762409,2254.863862540198,1908.0
Southern Ocean,2261.2,2256.4753439219103,2256.4146281653393,2256.5426875227513,2425.0
Southern Ocean,2261.9,2256.585924566807,2256.5207074228097,2256.651428825418,2624.0
Southern Ocean,2263.7,2256.804550384075,2256.7427906757875,2256.8653709401347,2870.0
Southern Ocean,2265.0,2257.763313608765,2257.7017418725554,2257.8272838551134,3147.0
Southern Ocean,2266.9,2257.7744303986697,2257.711307293829,2257.838499640119,3440.0
Southern Ocean,2264.7,2257.607681880488,2257.547851164067,2257.671718126977,3729.0
Southern Ocean,2265.0,2257.3275307756967,2257.2665599528846,2257.391629076937,3992.0
Southern Ocean,2264.6,2256.7053906170945,2256.643003128962,2256.76676544291,4188.0
Southern Ocean,2263.7,2257.6446736814255,2257.5799397906067,2257.7126085847826,4304.0
Southern Ocean,2264.8,2257.5733648342957,2257.513207615292,2257.6372196055363,3438.0
Southern Ocean,2264.7,2257.7821882956646,2257.720807908784,2257.846498355731,3586.0
Southern Ocean,2265.3,2257.6722180858237,2257.6106973112023,2257.7373329074007,3731.0
Southern Ocean,2265.5,2257.5601930302028,2257.4999691050216,2257.6245821190514,3827.0
Southern Ocean,2263.4,2258.5757221234935,2258.511206159493,2258.6473496652966,3913.0
Southern Ocean,2152.9,2141.845792216964,2141.6257267415417,2142.0637316166594,13.0
Southern Ocean,2152.2,2141.7863681477,2141.5644968427555,2142.0049719373424,34.0
Southern Ocean,2153.0,2141.7861121651968,2141.563894495239,2142.0047905689444,59.0
Southern Ocean,2153.0,2141.6328986694534,2141.410498867139,2141.8515994726745,83.0
Southern Ocean,2153.7,2141.878883817489,2141.656440149101,2142.097621371027,110.0
Southern Ocean,2155.6,2143.3304542632914,2143.1146823651256,2143.5416971779514,131.0
Southern Ocean,2165.0,2152.3458037548608,2152.115460011858,2152.5221875758252,160.0
Southern Ocean,2179.3,2168.6858657641824,2168.4659749500934,2168.8526163579677,213.0
Southern Ocean,2193.9,2185.408165561141,2185.1979305112627,2185.57068958547,262.0
Southern Ocean,2203.4,2195.5899289905774,2195.393726629242,2195.744388388496,313.0
Southern Ocean,2210.2,2202.2466752936234,2202.0413686076536,2202.4168327356924,360.0
Southern Ocean,2218.6,2214.4577329223166,2214.2339000355114,2214.6604644107833,410.0
Southern Ocean,2226.3,2220.998479551381,2220.7597806043996,2221.2114779813205,459.0
Southern Ocean,2235.0,2232.2920557052876,2231.9982292929176,2232.523526552104,530.0
Southern Ocean,2243.7,2241.7856359052835,2241.4534628829947,2242.049750429716,628.0
Southern Ocean,2249.2,2249.279603114601,2248.942117427117,2249.540625971601,726.0
Southern Ocean,2250.1,2251.8003005570126,2251.493592095634,2252.038624249506,825.0
Southern Ocean,2252.6,2253.3283154253318,2253.067367137573,2253.532022705808,921.0
Southern Ocean,2251.1,2253.4816948431776,2253.271393102169,2253.6474354976995,1023.0
Southern Ocean,2252.2,2253.6539725056364,2253.491172671939,2253.7800497502185,1219.0
Southern Ocean,2251.5,2253.5387095677256,2253.404440183587,2253.6540775105736,1315.0
Southern Ocean,2250.2,2253.47683873598,2253.349939419626,2253.579880154402,1413.0
Southern Ocean,2251.5,2253.459713123248,2253.353660361742,2253.551667968555,1515.0
Southern Ocean,2249.2,2253.108140569483,2253.015722067428,2253.1942031967856,1641.0
Southern Ocean,2249.8,2253.3404255951664,2253.252479719607,2253.427539899433,1839.0
Southern Ocean,2253.1,2254.1195179463584,2254.0402949613754,2254.203886241981,2056.0
Southern Ocean,2255.8,2254.9988259651755,2254.9277694830007,2255.0744669719365,2303.0
Southern Ocean,2255.8,2255.752906188056,2255.689116399752,2255.823383836369,2543.0
Southern Ocean,2258.4,2256.354360124708,2256.293882238687,2256.421244926659,2788.0
Southern Ocean,2258.0,2256.8147735662415,2256.755272270365,2256.8780547710303,3047.0
Southern Ocean,2259.0,2257.4013210136686,2257.3407666568337,2257.4647341581413,3341.0
Southern Ocean,2259.8,2257.4557216022768,2257.3949953018714,2257.5193124445586,3477.0
Southern Ocean,2260.9,2257.660532198292,2257.6002456722904,2257.724502472599,3612.0
Southern Ocean,2260.3,2257.5343857969738,2257.474747472104,2257.597521316102,3711.0
Southern Ocean,2260.2,2258.50889346879,2258.444570048871,2258.579224755304,3810.0
Southern Ocean,2149.8,2137.6585822685943,2137.3914922010226,2137.8991451404645,6.0
Southern Ocean,2147.2,2137.877854082287,2137.6109844379307,2138.1177559576163,20.0
Southern Ocean,2150.4,2137.8537948226253,2137.5880615621963,2138.0924048888874,40.0
Southern Ocean,2150.2,2138.2235276870906,2137.959481610684,2138.459577513449,65.0
Southern Ocean,2147.8,2138.194683287802,2137.932044496595,2138.4293811325865,91.0
Southern Ocean,2151.7,2138.389233435975,2138.127810982799,2138.6225186884976,134.0
Southern Ocean,2167.9,2157.9017392065202,2157.670911644329,2158.082489718983,186.0
Southern Ocean,2180.3,2169.9096105826457,2169.686376208948,2170.079438879047,234.0
Southern Ocean,2191.7,2182.3607465454393,2182.148261921748,2182.5267452966073,285.0
Southern Ocean,2206.8,2198.5526824258736,2198.341719445705,2198.728356417864,332.0
Southern Ocean,2213.4,2206.6359233032467,2206.409138571433,2206.804543697072,383.0
Southern Ocean,2226.3,2221.175977397589,2220.926347414826,2221.394025920728,460.0
Southern Ocean,2239.6,2235.4417289827197,2235.11986618639,2235.6946673672855,557.0
Southern Ocean,2246.2,2243.905650739952,2243.562236250098,2244.177698485799,656.0
Southern Ocean,2250.6,2248.3491433436375,2248.015573030812,2248.6094354686934,756.0
Southern Ocean,2252.9,2251.506710255458,2251.1966951593595,2251.7472540630906,856.0
Southern Ocean,2253.1,2253.4023526933283,2253.1313321146945,2253.6131534404963,954.0
Southern Ocean,2251.8,2253.419692979082,2253.2098934821643,2253.5846255828324,1053.0
Southern Ocean,2253.1,2254.0995398402038,2253.9110856640905,2254.2547534176365,1150.0
Southern Ocean,2251.4,2253.9689649283155,2253.808489271984,2254.094843669274,1251.0
Southern Ocean,2251.1,2253.450406332734,2253.3163116300684,2253.565295355205,1345.0
Southern Ocean,2249.3,2253.283571958281,2253.161496581808,2253.384257291625,1448.0
Southern Ocean,2251.2,2253.0486895706795,2252.945373872245,2253.138415522705,1543.0
Southern Ocean,2251.5,2252.9503587253776,2252.8563787456164,2253.0365885611745,1712.0
Southern Ocean,2251.9,2253.280368056954,2253.1928389215295,2253.3668778798196,1875.0
Southern Ocean,2255.9,2253.950440128658,2253.8682986588306,2254.0349255796978,2072.0
Southern Ocean,2254.9,2254.620822828585,2254.546317497977,2254.700279616917,2267.0
Southern Ocean,2257.5,2255.3940077691605,2255.325701215662,2255.4655425508945,2465.0
Southern Ocean,2258.4,2256.2674120685524,2256.2066220867937,2256.334457635518,2854.0
Southern Ocean,2262.9,2256.4126649919913,2256.3515128585473,2256.474390501372,4660.0
Southern Ocean,2144.0,2132.465747962948,2132.180931825425,2132.7163426627076,14.0
Southern Ocean,2142.1,2132.526307613965,2132.2418399458757,2132.776284220029,25.0
Southern Ocean,2142.7,2132.5006882659627,2132.2163415646583,2132.750647335043,48.0
Southern Ocean,2143.5,2132.6287921927064,2132.3452955446887,2132.8778962420474,74.0
Southern Ocean,2143.2,2132.7345348905965,2132.450584607784,2132.984137080041,100.0
Southern Ocean,2142.8,2132.93459740951,2132.651659165976,2133.1827834371074,147.0
Southern Ocean,2165.4,2155.4584805441336,2155.2353185203447,2155.6332463746244,197.0
Southern Ocean,2171.3,2160.538542002035,2160.313582437045,2160.714713308636,245.0
Southern Ocean,2183.8,2173.849363415981,2173.6309219702543,2174.0176641062503,296.0
Southern Ocean,2195.1,2189.0410218861966,2188.84044729089,2189.215011137723,345.0
Southern Ocean,2206.2,2200.961644006281,2200.730179765089,2201.146368675358,395.0
Southern Ocean,2222.2,2216.4714150853106,2216.212947413745,2216.695706832126,492.0
Southern Ocean,2232.5,2227.246933901009,2226.952524793789,2227.4763219790316,593.0
Southern Ocean,2248.4,2245.9479525440443,2245.610271335954,2246.210940658376,790.0
Southern Ocean,2251.6,2250.1068857388727,2249.7873551010325,2250.3560836712395,889.0
Southern Ocean,2252.6,2252.2739795824314,2251.9928664824442,2252.495083422066,985.0
Southern Ocean,2256.5,2253.1652184727063,2252.9260844791556,2253.356736719196,1086.0
Southern Ocean,2251.7,2253.760708617351,2253.5596907923104,2253.9208775333404,1187.0
Southern Ocean,2251.7,2253.4766819064434,2253.335224324207,2253.594511424466,1382.0
Southern Ocean,2253.2,2253.228645967216,2253.100875707078,2253.332234355133,1480.0
Southern Ocean,2251.9,2252.983987915386,2252.877977157062,2253.0754080659967,1580.0
Southern Ocean,2251.7,2253.0038873530316,2252.9104331698913,2253.0900534695265,1776.0
Southern Ocean,2253.2,2253.3048009960594,2253.2167924928135,2253.3915958983616,1971.0
Southern Ocean,2255.6,2254.2239108476147,2254.1445443918133,2254.308013522513,2217.0
Southern Ocean,2257.5,2255.0440350871554,2254.9734634507918,2255.118908874082,2464.0
Southern Ocean,2258.9,2255.8452273340245,2255.780734149305,2255.9143125464307,2706.0
Southern Ocean,2259.8,2256.2535901814645,2256.1929067233086,2256.320565486812,2953.0
Southern Ocean,2260.8,2256.734703342492,2256.675557691649,2256.7988311314202,3243.0
Southern Ocean,2263.6,2256.8030644356113,2256.7418611388857,2256.8645051149488,3537.0
Southern Ocean,2263.2,2257.0284166679176,2256.9670500119482,2257.090520221049,3829.0
Southern Ocean,2264.0,2257.098852948389,2257.038137139733,2257.161176970675,3983.0
Southern Ocean,2263.7,2257.0234341995692,2256.962522237876,2257.0859013094278,4142.0
Southern Ocean,2263.5,2256.5828064291413,2256.521656179499,2256.643555777718,4237.0
Southern Ocean,2263.2,2256.590100582577,2256.528119443939,2256.6515049065474,4333.0
Southern Ocean,2136.9,2128.148384778601,2127.858056966807,2128.404932363152,14.0
Southern Ocean,2136.8,2128.071362536556,2127.781052408235,2128.3282726793223,35.0
Southern Ocean,2137.8,2128.06398342838,2127.7740710208222,2128.3200670087467,60.0
Southern Ocean,2136.4,2128.2339475747367,2127.9432871646654,2128.490922366711,84.0
Southern Ocean,2138.2,2128.276551356374,2127.987152715643,2128.532119477383,111.0
Southern Ocean,2149.9,2140.125777560135,2139.9112583110236,2140.3042374354527,162.0
Southern Ocean,2161.7,2152.8078096313584,2152.5936402865595,2152.9711285170815,212.0
Southern Ocean,2167.8,2158.911759402117,2158.6965185306367,2159.0813568572153,263.0
Southern Ocean,2178.4,2170.340175334293,2170.121859807871,2170.5077752083207,311.0
Southern Ocean,2193.7,2189.964675537242,2189.7507281748617,2190.1447241441065,361.0
Southern Ocean,2204.4,2198.7700056370836,2198.541168565391,2198.9492092603987,431.0
Southern Ocean,2218.4,2214.394145675783,2214.152528097823,2214.607390907192,531.0
Southern Ocean,2232.3,2229.399643318735,2229.087473773321,2229.637543838739,629.0
Southern Ocean,2240.4,2238.480781468361,2238.1444797310332,2238.7401096249805,726.0
Southern Ocean,2248.4,2245.7900028424137,2245.451153393302,2246.0539217894393,826.0
Southern Ocean,2251.3,2249.7087097463445,2249.393462785289,2249.9572141997705,924.0
Southern Ocean,2251.9,2252.018491804154,2251.7273161255057,2252.2475296796,1023.0
Southern Ocean,2252.6,2253.1505732317055,2252.908033438816,2253.344191755628,1123.0
Southern Ocean,2251.7,2253.4759572233293,2253.269158096402,2253.637544001506,1219.0
Southern Ocean,2251.8,2253.682768072747,2253.502077398,2253.824111184771,1318.0
Southern Ocean,2249.6,2253.576035868088,2253.428334390743,2253.6953203029157,1418.0
Southern Ocean,2249.9,2253.2335772394936,2253.1016947977732,2253.343646080761,1514.0
Southern Ocean,2251.0,2253.194436186765,2253.082210333015,2253.2904959914067,1641.0
Southern Ocean,2250.0,2252.990783134357,2252.8973204481495,2253.0769443173467,1839.0
Southern Ocean,2251.4,2253.308207432095,2253.220079507103,2253.3952272178703,2057.0
Southern Ocean,2254.9,2254.1677875412374,2254.0885105663688,2254.2508749619215,2300.0
Southern Ocean,2255.5,2255.2018102288534,2255.1311581203317,2255.2771601940267,2547.0
Southern Ocean,2257.6,2255.9102216407928,2255.8453087610687,2255.9784750970107,2789.0
Southern Ocean,2259.9,2256.377919529644,2256.317522343815,2256.4448954493046,3050.0
Southern Ocean,2260.4,2256.5706258682294,2256.5105663640884,2256.6336809034515,3342.0
Southern Ocean,2260.4,2256.8461177455147,2256.784893173291,2256.907692404715,3636.0
Southern Ocean,2261.5,2256.9853463664545,2256.923832432407,2257.0473909010707,3927.0
Southern Ocean,2263.1,2256.9621517360565,2256.900794362708,2257.024571963578,4219.0
Southern Ocean,2261.5,2256.552403744516,2256.490591645962,2256.6136982215207,4510.0
Southern Ocean,2262.3,2256.0137923934094,2255.95373166211,2256.075146945153,4802.0
Southern Ocean,2261.0,2255.9676513592694,2255.9073793091775,2256.0295674466597,4925.0
Southern Ocean,2134.6,2125.1524544686035,2124.827873313879,2125.4112155124026,6.0
Southern Ocean,2135.5,2126.330843482151,2126.015549586562,2126.5887233044455,64.0
Southern Ocean,2136.5,2127.124754215884,2126.828151214833,2127.380609336155,135.0
Southern Ocean,2153.4,2143.641634636708,2143.4287906345194,2143.7955481463387,184.0
Southern Ocean,2164.5,2154.9332105673943,2154.719615340626,2155.08872453318,233.0
Southern Ocean,2177.8,2170.715921630522,2170.508724424178,2170.8750101579753,334.0
Southern Ocean,2195.1,2185.5700403525843,2185.362623147666,2185.745971081427,381.0
Southern Ocean,2205.8,2199.96924910305,2199.74074040107,2200.16460503445,462.0
Southern Ocean,2219.5,2214.2077415747463,2213.9619266475515,2214.4163390123895,559.0
Southern Ocean,2232.5,2227.3973856327234,2227.099030532919,2227.624552830942,658.0
Southern Ocean,2240.9,2237.150470421424,2236.822239817476,2237.398821474088,756.0
Southern Ocean,2246.5,2243.9438267667188,2243.6076806442957,2244.202164635385,855.0
Southern Ocean,2251.0,2248.1907148821397,2247.876531558281,2248.439678406469,955.0
Southern Ocean,2252.5,2250.133528312184,2249.8561352955894,2250.35309662225,1054.0
Southern Ocean,2253.1,2252.204965183644,2251.9555345181466,2252.403588175277,1152.0
Southern Ocean,2254.0,2253.060756793252,2252.8484282098993,2253.2264822607813,1250.0
Southern Ocean,2251.8,2253.189183260418,2253.0052675128413,2253.3340759992743,1348.0
Southern Ocean,2253.5,2253.1109411439948,2252.975122508762,2253.2271459128715,1513.0
Southern Ocean,2252.0,2252.701812327973,2252.5955036388605,2252.794519959696,1714.0
Southern Ocean,2252.1,2252.6384334885943,2252.5416821153603,2252.724940612859,1909.0
Southern Ocean,2253.2,2253.0696115383253,2252.9798538733107,2253.1567318606226,2133.0
Southern Ocean,2256.6,2253.862258037786,2253.785913332471,2253.944405402651,2378.0
Southern Ocean,2257.9,2254.876781493433,2254.805921096496,2254.951669598775,2623.0
Southern Ocean,2257.9,2255.532511302057,2255.469442362044,2255.6024856378967,2869.0
Southern Ocean,2259.5,2256.0948836996154,2256.0333384900814,2256.160488262292,3147.0
Southern Ocean,2260.6,2256.0679512200845,2256.005291397119,2256.1285386938484,3441.0
Southern Ocean,2263.1,2256.5152109492524,2256.452750832109,2256.576143401481,3733.0
Southern Ocean,2262.4,2256.5972194844053,2256.535662969923,2256.6584055023322,4120.0
Southern Ocean,2263.2,2256.254210795217,2256.192346648785,2256.314259732719,4507.0
Southern Ocean,2262.7,2255.985182453787,2255.9246133135484,2256.046343351997,4799.0
Southern Ocean,2262.2,2255.6681030688515,2255.6064185049718,2255.72869969385,4896.0
Southern Ocean,2264.7,2255.551371822876,2255.4894547281406,2255.611990672911,4992.0
Southern Ocean,2134.8,2125.4204287856437,2125.11074602461,2125.672629628783,11.0
Southern Ocean,2263.8,2255.668483356243,2255.6074164864513,2255.7301347884218,4988.0
Southern Ocean,2133.8,2123.914999063835,2123.5810975989025,2124.1753994284663,7.0
Southern Ocean,2135.0,2124.131193631123,2123.801749364508,2124.388426246518,35.0
Southern Ocean,2135.3,2124.3888694613406,2124.0623266693183,2124.6451174636372,59.0
Southern Ocean,2137.0,2125.063628467487,2124.7450973315654,2125.3178074150233,84.0
Southern Ocean,2137.4,2125.5810716008923,2125.271339566065,2125.8343556987866,114.0
Southern Ocean,2139.0,2126.767403240313,2126.4782642140235,2127.0152626102267,163.0
Southern Ocean,2158.7,2148.2951797436526,2148.0899818534845,2148.456881349329,212.0
Southern Ocean,2166.5,2156.473737930548,2156.257055433828,2156.6312885360253,262.0
Southern Ocean,2172.4,2164.089142624085,2163.8796634227,2164.249672248868,311.0
Southern Ocean,2180.0,2172.54736919756,2172.340695198316,2172.7034319200625,361.0
Southern Ocean,2196.2,2188.9468943568486,2188.734370764126,2189.1276142254583,431.0
Southern Ocean,2212.0,2204.9484964019184,2204.714193224451,2205.13911244261,530.0
Southern Ocean,2226.6,2221.242378323149,2220.9650433804572,2221.46778077892,628.0
Southern Ocean,2237.6,2232.3096010730865,2231.991105822058,2232.553573606639,727.0
Southern Ocean,2243.6,2240.0221611348757,2239.6879512492505,2240.2787280658863,825.0
Southern Ocean,2250.5,2246.753364641031,2246.4211269604493,2247.013555233339,924.0
Southern Ocean,2253.0,2250.0705204194037,2249.763166028695,2250.31402077774,1024.0
Southern Ocean,2252.1,2251.7147382007615,2251.443549246071,2251.9298201742126,1121.0
Southern Ocean,2254.1,2252.614819339381,2252.3823082433196,2252.801672815672,1220.0
Southern Ocean,2254.1,2253.0675406810674,2252.86949407507,2253.2236704395423,1318.0
Southern Ocean,2253.5,2252.7672419904707,2252.609435765232,2252.88972246893,1446.0
Southern Ocean,2254.0,2252.5761122405725,2252.4453582957394,2252.6812231560784,1644.0
Southern Ocean,2253.0,2252.4287829994723,2252.327130950719,2252.519964564736,1840.0
Southern Ocean,2253.1,2252.213708308276,2252.11755993733,2252.306753204506,2055.0
Southern Ocean,2256.2,2253.243044359568,2253.1618428465104,2253.330281097693,2302.0
Southern Ocean,2258.2,2254.6637035516496,2254.5900054744116,2254.741667204395,2546.0
Southern Ocean,2260.1,2255.3265515873295,2255.261041523723,2255.3976109769383,2792.0
Southern Ocean,2261.1,2255.722338624941,2255.659482321441,2255.78933145911,3049.0
Southern Ocean,2261.3,2255.8530195780345,2255.7903317266187,2255.9159665514107,3344.0
Southern Ocean,2260.6,2256.3475013527855,2256.2862066086177,2256.4085228929944,3635.0
Southern Ocean,2262.4,2256.2727057443794,2256.2098751824565,2256.333025269665,3927.0
Southern Ocean,2263.6,2256.4593396990917,2256.3980915760662,2256.519762464942,4217.0
Southern Ocean,2263.8,2255.8042417603256,2255.7413664250807,2255.863710214187,4510.0
Southern Ocean,2263.7,2255.829124692171,2255.7680630563978,2255.8897655574606,4752.0
Southern Ocean,2264.4,2255.4025829817315,2255.3398720945756,2255.4631929142115,4947.0
Southern Ocean,2263.6,2255.434655905804,2255.37250672162,2255.49529705358,5084.0
Southern Ocean,2132.8,2122.056219048406,2121.7132797660033,2122.324591457122,6.0
Southern Ocean,2266.0,2255.9697297370294,2255.908217165516,2256.029930837087,4655.0
Southern Ocean,2130.6,2119.0644801413237,2118.7248369132194,2119.3359126185837,12.0
Southern Ocean,2133.4,2121.747798173342,2121.428173579585,2122.0031840166203,50.0
Southern Ocean,2132.4,2122.051371393202,2121.7342326093894,2122.305610191432,75.0
Southern Ocean,2133.4,2122.0916649743904,2121.775549251291,2122.345561300357,99.0
Southern Ocean,2134.4,2122.780380915894,2122.4607656621843,2123.0355139899166,149.0
Southern Ocean,2150.9,2138.27979471035,2138.1067613271566,2138.4348808897494,198.0
Southern Ocean,2154.2,2143.1311930797974,2142.9425055902625,2143.2862706241203,247.0
Southern Ocean,2163.2,2150.6814851198606,2150.48350747582,2150.8277540653694,298.0
Southern Ocean,2174.5,2165.12960853005,2164.928048051196,2165.277964509457,396.0
Southern Ocean,2186.5,2179.280156553644,2179.0757103365195,2179.442413352136,497.0
Southern Ocean,2202.8,2197.253223045177,2197.0281286612862,2197.4461856732764,595.0
Southern Ocean,2220.9,2214.2260230403867,2213.9664615584857,2214.44083972107,694.0
Southern Ocean,2233.2,2227.693389923994,2227.3898657217633,2227.921129846233,791.0
Southern Ocean,2240.2,2235.749411036019,2235.4226146047567,2235.994831345741,889.0
Southern Ocean,2245.2,2243.1097823587916,2242.770363891583,2243.371243991777,989.0
Southern Ocean,2253.0,2250.3957098493925,2250.0966483372645,2250.634124067468,1187.0
Southern Ocean,2254.5,2252.8572699221795,2252.636624991026,2253.0295013714917,1384.0
Southern Ocean,2252.0,2253.259113876136,2253.0909134870435,2253.387991506532,1578.0
Southern Ocean,2252.5,2253.1079663945825,2252.9769097628296,2253.2146811068988,1777.0
Southern Ocean,2251.1,2252.9248722059974,2252.8244579352636,2253.0138811499883,1974.0
Southern Ocean,2256.7,2253.836758880575,2253.75437762513,2253.921254919176,2463.0
Southern Ocean,2260.6,2255.6547293867775,2255.591106746283,2255.7255444904035,2951.0
Southern Ocean,2258.6,2256.1452604608426,2256.0842220595214,2256.212179840993,3245.0
Southern Ocean,2261.4,2256.432733834387,2256.372243844694,2256.496197858436,3536.0
Southern Ocean,2262.5,2256.6274527800933,2256.5674035704847,2256.6886107929004,3830.0
Southern Ocean,2262.1,2256.6639052042165,2256.602337609345,2256.7249675605103,4123.0
Southern Ocean,2264.4,2256.4402385534627,2256.3803889075984,2256.500866839819,4414.0
Southern Ocean,2264.6,2256.341316460014,2256.2819618066765,2256.402309471982,4558.0
Southern Ocean,2263.2,2256.0680919870774,2256.00788844447,2256.129396878851,4725.0
Southern Ocean,2263.0,2255.889430402803,2255.82860308699,2255.9507686162683,4817.0
Southern Ocean,2123.2,2113.0165696876647,2112.7913000882454,2113.2197847976945,9.0
Southern Ocean,2145.3,2133.382200544696,2133.2088628021897,2133.4941390771046,263.0
Southern Ocean,2184.1,2178.3637810026216,2178.1585239455826,2178.553536319692,530.0
Southern Ocean,2241.2,2238.935240324429,2238.6032005149596,2239.1839117375202,1024.0
Southern Ocean,2253.8,2251.6070290817993,2251.3353126675024,2251.8236717224745,1319.0
Southern Ocean,2253.0,2253.141645005693,2252.975695515111,2253.2685365563443,1642.0
Southern Ocean,2253.7,2253.0166082335027,2252.927852431586,2253.103521168086,2302.0
Southern Ocean,2258.5,2255.5241222244185,2255.461097839063,2255.595706672384,3052.0
Southern Ocean,2262.2,2256.565833232006,2256.5045901241506,2256.6265858401844,4025.0
Southern Ocean,2262.2,2255.966016153775,2255.905292336621,2256.0269964481568,4803.0
Southern Ocean,2120.3,2106.971292060359,2106.7042709894286,2107.1859348508488,6.0
Southern Ocean,2119.5,2106.7668441579394,2106.499754933271,2106.9820438326437,40.0
Southern Ocean,2120.0,2107.3125857004216,2107.046666122542,2107.5255988510185,90.0
Southern Ocean,2121.6,2107.447324646996,2107.1868557011676,2107.6623010340795,133.0
Southern Ocean,2138.9,2123.2934899240886,2123.1508986913686,2123.418216472433,184.0
Southern Ocean,2143.3,2129.6536385115246,2129.4846291554622,2129.766858314914,233.0
Southern Ocean,2146.8,2133.60250483322,2133.4302536328455,2133.715423696333,282.0
Southern Ocean,2152.8,2141.138306432075,2140.976279078186,2141.2584219881924,383.0
Southern Ocean,2166.1,2156.5295794804033,2156.343046938695,2156.671601773185,460.0
Southern Ocean,2182.2,2174.3891996153816,2174.1855039275174,2174.5677857927244,558.0
Southern Ocean,2196.0,2190.283001094208,2190.0701611409504,2190.468841848295,660.0
Southern Ocean,2209.7,2203.807714581316,2203.578427501404,2204.011191457334,756.0
Southern Ocean,2221.9,2216.9135392123044,2216.642395557137,2217.1318609848263,857.0
Southern Ocean,2230.6,2226.056763418464,2225.7579235084368,2226.2805345712973,954.0
Southern Ocean,2246.2,2241.251352398309,2240.9196494288394,2241.500151483404,1150.0
Southern Ocean,2253.6,2249.9858015841996,2249.6918954652137,2250.2196227124564,1349.0
Southern Ocean,2254.2,2252.607716037139,2252.371566271007,2252.7970095282244,1516.0
Southern Ocean,2253.3,2252.8183039626706,2252.6485383859217,2252.94729805336,1713.0
Southern Ocean,2253.7,2252.5217141092817,2252.390711751264,2252.6273456992412,1909.0
Southern Ocean,2253.6,2252.2671286948125,2252.1657355477664,2252.3599281418333,2134.0
Southern Ocean,2253.3,2252.340958058504,2252.246393486352,2252.4310922106984,2380.0
Southern Ocean,2256.7,2254.350573051662,2254.2738161688976,2254.4280282551836,2868.0
Southern Ocean,2258.4,2254.9459730401977,2254.8778229534837,2255.0173161260313,3147.0
Southern Ocean,2260.2,2255.5813334928735,2255.5183242978756,2255.6473286899354,3440.0
Southern Ocean,2261.7,2255.768824794096,2255.706077832514,2255.8308175492507,3732.0
Southern Ocean,2265.9,2256.189555508297,2256.1288694427117,2256.2504394651974,4121.0
Southern Ocean,2263.4,2255.641953959457,2255.5787599077503,2255.7018373434394,4512.0
Southern Ocean,2263.2,2255.563548337137,2255.501240403471,2255.623220156669,4706.0
Southern Ocean,2262.9,2255.4038451498172,2255.3411865681924,2255.4643044126783,4898.0
Southern Ocean,2261.3,2255.1321621580987,2255.0685147154322,2255.194003917762,5092.0
Southern Ocean,2118.3,2106.0881804950777,2105.8168372540517,2106.3031118375698,9.0
Southern Ocean,2130.0,2114.9757063111742,2114.820881604969,2115.1216040176064,147.0
Southern Ocean,2148.4,2134.825667903362,2134.659291421497,2134.9579838853406,346.0
Southern Ocean,2192.9,2189.4995360547205,2189.283249598162,2189.6898288788084,692.0
Southern Ocean,2244.0,2239.4547574459066,2239.12285774099,2239.7017705458525,1185.0
Southern Ocean,2254.0,2253.980844040085,2253.7820518494295,2254.1426935891795,1776.0
Southern Ocean,2256.6,2254.367934420488,2254.292284010101,2254.4479426695157,2952.0
Southern Ocean,2260.2,2255.737474192513,2255.676196263044,2255.7983188948597,4705.0
Southern Ocean,2261.2,2255.391695341928,2255.3300826694176,2255.4527125665604,5111.0
Southern Ocean,2262.1,2255.329254884807,2255.267266728077,2255.390060707702,5212.0
Southern Ocean,2115.9,2104.9905358539527,2104.703968450017,2105.219894572429,12.0
Southern Ocean,2115.8,2105.1921228076258,2104.907700197957,2105.4194676836055,60.0
Southern Ocean,2117.0,2105.29249105439,2105.008794386804,2105.519661697872,114.0
Southern Ocean,2121.8,2109.011953492484,2108.792989183668,2109.1955392610635,164.0
Southern Ocean,2136.5,2123.4129668656533,2123.2441599645394,2123.541427818952,213.0
Southern Ocean,2139.9,2126.8292742217022,2126.6663906723356,2126.948598939195,262.0
Southern Ocean,2143.9,2132.3997728036165,2132.230236048015,2132.52762869909,313.0
Southern Ocean,2148.6,2135.5229750714557,2135.361591928924,2135.6469047213204,361.0
Southern Ocean,2153.5,2143.4213475067945,2143.248809437629,2143.541256068931,430.0
Southern Ocean,2167.6,2160.5618776316287,2160.3722514957803,2160.710183573945,530.0
Southern Ocean,2195.7,2191.9130300180464,2191.701137126622,2192.1000087375696,728.0
Southern Ocean,2209.1,2205.25315102753,2205.01721996262,2205.459508045702,826.0
Southern Ocean,2220.0,2215.826077384583,2215.556491063969,2216.0419545897325,924.0
Southern Ocean,2228.8,2225.5314995324647,2225.233232454866,2225.7538872764017,1023.0
Southern Ocean,2244.9,2241.7368581235446,2241.4014520962864,2241.988536604479,1220.0
Southern Ocean,2252.8,2250.1090990957255,2249.810636991561,2250.3464367355896,1447.0
Southern Ocean,2254.8,2253.251117058133,2253.0082342893124,2253.4464186216182,1645.0
Southern Ocean,2252.9,2253.50776418501,2253.329961880387,2253.6471145346827,1840.0
Southern Ocean,2249.9,2252.5663935040157,2252.436850656661,2252.671026306703,2058.0
Southern Ocean,2251.4,2252.3847987916847,2252.28918493043,2252.475391439937,2301.0
Southern Ocean,2254.4,2253.0097225457084,2252.920901452737,2253.0967392947778,2547.0
Southern Ocean,2254.5,2253.849587593708,2253.7680778817985,2253.933387329601,2790.0
Southern Ocean,2258.9,2255.5755866652735,2255.5118533450104,2255.64535136457,3343.0
Southern Ocean,2260.3,2256.0393947314287,2255.978455140472,2256.1057407537905,3636.0
Southern Ocean,2260.3,2256.1211579687397,2256.0599632063822,2256.1831669845283,3960.0
Southern Ocean,2261.8,2256.274713879227,2256.2147044712933,2256.3361875954297,4350.0
Southern Ocean,2261.8,2255.8699692875134,2255.809103037108,2255.931371863693,4739.0
Southern Ocean,2262.4,2255.761092578892,2255.7004098297316,2255.823038819882,4996.0
Southern Ocean,2262.1,2255.3988799394842,2255.3367452448324,2255.4593734918867,5093.0
Southern Ocean,2263.1,2255.5667174554924,2255.504142533232,2255.627472809379,5202.0
Southern Ocean,2115.2,2103.118706951134,2102.839222156039,2103.3408118801713,5.0
Southern Ocean,2121.2,2108.0170556964945,2107.8053378789978,2108.198459409154,90.0
Southern Ocean,2137.8,2124.7358482254126,2124.5687128447566,2124.859300038705,282.0
Southern Ocean,2175.9,2169.402513833223,2169.1936138563074,2169.5686609210065,559.0
Southern Ocean,2252.6,2250.6340468644257,2250.3524545391406,2250.857163579662,1516.0
Southern Ocean,2253.3,2252.6786059550313,2252.586637149711,2252.7665467034963,2624.0
Southern Ocean,2260.6,2255.809215353956,2255.7477064525056,2255.873358011707,3733.0
Southern Ocean,2260.0,2255.476610429948,2255.414115538341,2255.536022500162,4755.0
Southern Ocean,2261.4,2255.333634479907,2255.271572019417,2255.3942505701857,5136.0
Southern Ocean,2110.4,2100.1768308310284,2099.909103025807,2100.390888007307,5.0
Southern Ocean,2110.9,2100.5986335041084,2100.3378376566366,2100.8091825755064,49.0
Southern Ocean,2112.7,2100.975669432791,2100.7177405106245,2101.1847500120434,99.0
Southern Ocean,2120.9,2107.074309769673,2106.8737633848373,2107.235262375688,150.0
Southern Ocean,2131.6,2119.3265409821242,2119.1244669782777,2119.5007926582653,198.0
Southern Ocean,2134.0,2119.4877613827884,2119.287533848311,2119.6690803181527,248.0
Southern Ocean,2136.0,2120.2978382106107,2120.1056126636663,2120.471874486703,299.0
Southern Ocean,2136.6,2123.538777542699,2123.3638937073783,2123.673712023851,396.0
Southern Ocean,2146.6,2134.714441308316,2134.5409583948544,2134.8490604956983,494.0
Southern Ocean,2156.6,2149.3334751205753,2149.1391993665843,2149.4819090953133,596.0
Southern Ocean,2172.2,2167.500512580971,2167.2971044381984,2167.665510421714,694.0
Southern Ocean,2187.7,2181.5464771530824,2181.33937536665,2181.726636666449,793.0
Southern Ocean,2200.2,2196.360177772985,2196.1505846143914,2196.5478329058938,891.0
Southern Ocean,2208.0,2206.1195020424375,2205.8862098270597,2206.320385864823,991.0
Southern Ocean,2230.0,2225.8078866546048,2225.5111275175714,2226.027862882667,1186.0
Southern Ocean,2244.6,2242.229016037005,2241.8937091859343,2242.4776177822905,1383.0
Southern Ocean,2252.3,2249.7202928232505,2249.4082996739653,2249.968749508504,1579.0
Southern Ocean,2253.8,2253.432461391402,2253.245941112425,2253.5791272055885,1973.0
Southern Ocean,2250.5,2252.7253895780145,2252.59231843841,2252.8331530740415,2218.0
Southern Ocean,2253.3,2252.4347818446618,2252.34184046894,2252.5238456294755,2706.0
Southern Ocean,2253.2,2253.4259394638552,2253.3437376205134,2253.5111873703354,2953.0
Southern Ocean,2258.2,2254.2843978575524,2254.2102030374917,2254.3584438881394,3246.0
Southern Ocean,2259.9,2254.9694444161514,2254.904741229631,2255.0409436760483,3537.0
Southern Ocean,2259.5,2255.5260554381966,2255.4633156899936,2255.5895144486694,3828.0
Southern Ocean,2260.8,2255.7245772752362,2255.662095880207,2255.785263853365,4120.0
Southern Ocean,2262.1,2255.9157838289498,2255.8545889105085,2255.977020652459,4414.0
Southern Ocean,2260.5,2255.8325997997526,2255.7713739297105,2255.893811153095,4705.0
Southern Ocean,2261.5,2255.1468647025804,2255.0831493013466,2255.2078083046135,4802.0
Southern Ocean,2259.5,2255.565851648282,2255.504278833732,2255.6271857184233,4899.0
Southern Ocean,2108.5,2098.152763132223,2097.90812930223,2098.358070983236,23.0
Southern Ocean,2133.2,2120.849332689849,2120.6498267422403,2121.022791661531,212.0
Southern Ocean,2162.7,2154.259062069232,2154.0628047099026,2154.4145793687458,627.0
Southern Ocean,2199.1,2196.4359724092965,2196.219217963611,2196.6268449403246,925.0
Southern Ocean,2233.4,2228.1702539547723,2227.870554902843,2228.3897715828703,1219.0
Southern Ocean,2250.1,2246.06919648386,2245.7368721575212,2246.3242435961724,1514.0
Southern Ocean,2255.1,2254.1144481196607,2253.931212308395,2254.258458147863,2058.0
Southern Ocean,2259.2,2255.1298640284413,2255.0637344712877,2255.2004475811686,3343.0
Southern Ocean,2261.6,2256.3397313814808,2256.2797672493457,2256.4014685692214,4220.0
Southern Ocean,2261.6,2255.5729787096843,2255.51080576759,2255.6329132426113,4711.0
Southern Ocean,2111.6,2100.8138967327322,2100.554405582626,2101.023485548998,11.0
Southern Ocean,2112.0,2100.8239143217847,2100.567527357795,2101.0315176143636,39.0
Southern Ocean,2114.2,2101.166637065141,2100.9183103919772,2101.3698905234937,90.0
Southern Ocean,2125.4,2111.016963166376,2110.8502445691656,2111.1589738897205,132.0
Southern Ocean,2133.4,2117.0523604610853,2116.8484456522187,2117.2204748133154,183.0
Southern Ocean,2135.9,2119.712878088203,2119.5201846548534,2119.8814165117856,233.0
Southern Ocean,2136.6,2120.686215255329,2120.4938691254765,2120.857885654849,283.0
Southern Ocean,2137.0,2121.6617659695826,2121.47277753108,2121.8256311785153,328.0
Southern Ocean,2140.3,2125.0333437009294,2124.8510379710774,2125.167983878953,380.0
Southern Ocean,2145.0,2131.642752627189,2131.4691703920744,2131.780878559764,460.0
Southern Ocean,2154.2,2141.7305781693,2141.5360459490876,2141.876118564946,560.0
Southern Ocean,2170.8,2162.060625500911,2161.858365464013,2162.2250990072216,658.0
Southern Ocean,2184.9,2178.405648278165,2178.1915672448868,2178.5844018418225,754.0
Southern Ocean,2207.2,2201.412315539157,2201.190227329351,2201.6075466286666,954.0
Southern Ocean,2219.7,2214.4775008495085,2214.211977098408,2214.692072520355,1053.0
Southern Ocean,2231.6,2225.8342169592765,2225.5383490970034,2226.0537453175616,1152.0
Southern Ocean,2238.9,2233.01518490202,2232.707412424748,2233.242388760309,1252.0
Southern Ocean,2245.4,2239.3808876099574,2239.0463541122385,2239.627660974332,1347.0
Southern Ocean,2253.3,2247.7575209933448,2247.435412397597,2248.008525600562,1517.0
Southern Ocean,2259.1,2253.1810657333726,2252.903996460791,2253.399940710972,1714.0
Southern Ocean,2257.0,2253.5992568821825,2253.395012091744,2253.7620951439303,1907.0
Southern Ocean,2256.2,2253.0221719892543,2252.884286574485,2253.1399500867947,2136.0
Southern Ocean,2254.3,2252.246276807201,2252.1431091781064,2252.338356345073,2379.0
Southern Ocean,2254.4,2253.158630797815,2253.075068970511,2253.244722691847,2873.0
Southern Ocean,2259.7,2254.1392227557494,2254.0641639088435,2254.213843962341,3245.0
Southern Ocean,2261.9,2255.2231303531617,2255.159871246579,2255.291033882375,3602.0
Southern Ocean,2262.3,2255.4393508242324,2255.3760024576304,2255.5027893566476,3990.0
Southern Ocean,2260.0,2255.554465606211,2255.4917666889037,2255.615608169301,4284.0
Southern Ocean,2263.2,2255.5667338042495,2255.5045956922636,2255.627126314704,4672.0
Southern Ocean,2264.3,2254.553244691904,2254.4896089298254,2254.614530731529,5034.0
Southern Ocean,2264.8,2254.7815655041427,2254.7171645150493,2254.843708652582,5129.0
Southern Ocean,2263.8,2254.9979893311556,2254.9344088018697,2255.0609531836913,5210.0
Southern Ocean,2099.6,2090.3796045601803,2090.0184632337377,2090.637253929092,6.0
Southern Ocean,2124.8,2109.255234792395,2109.087287318114,2109.4003139930264,149.0
Southern Ocean,2162.7,2153.728401091096,2153.536182351689,2153.8799428526922,596.0
Southern Ocean,2194.2,2189.638632407453,2189.4177794708726,2189.828551982984,788.0
Southern Ocean,2232.5,2228.5511750774513,2228.2530875935818,2228.769101289347,1187.0
Southern Ocean,2256.0,2253.249855288382,2253.022067263613,2253.430160460248,1779.0
Southern Ocean,2252.3,2252.6911139129857,2252.599277284626,2252.778973100017,2707.0
Southern Ocean,2261.5,2255.714238463951,2255.6515320811873,2255.7762948076547,3834.0
Southern Ocean,2261.1,2255.9254476892197,2255.8635601871947,2255.9856586716296,4416.0
Southern Ocean,2261.9,2255.212484707481,2255.1495323016698,2255.273821454211,5036.0
Southern Ocean,2095.2,2085.838716851088,2085.5164540772844,2086.111157604143,12.0
Southern Ocean,2096.2,2085.7917401946643,2085.4680220850014,2086.0638148863786,36.0
Southern Ocean,2096.8,2084.6358525218684,2084.278665784307,2084.9253390208496,59.0
Southern Ocean,2110.6,2094.8011763345116,2094.4939380059295,2095.03919354807,85.0
Southern Ocean,2123.0,2106.592106051119,2106.265730784792,2106.9748075631433,115.0
Southern Ocean,2129.8,2113.479752529586,2113.1574222155236,2113.8376865044634,164.0
Southern Ocean,2136.2,2119.6453701916676,2119.370063819669,2119.9201798290874,213.0
Southern Ocean,2137.6,2123.3823285884364,2123.1778390765735,2123.593073211274,313.0
Southern Ocean,2141.8,2127.0478811878584,2126.8471333669663,2127.2521008689714,431.0
Southern Ocean,2150.8,2141.9400970919314,2141.72308101948,2142.124196830955,531.0
Southern Ocean,2161.9,2154.034763639903,2153.8127731791965,2154.2332745964527,630.0
Southern Ocean,2172.8,2169.373824907663,2169.148915085779,2169.5950479707776,728.0
Southern Ocean,2183.9,2177.985922002664,2177.7689488824867,2178.1637954086195,827.0
Southern Ocean,2194.9,2190.1870714326997,2189.9683380131846,2190.374622320633,927.0
Southern Ocean,2206.7,2200.8186068716072,2200.592982492504,2201.01282732057,1025.0
Southern Ocean,2217.5,2212.6484209820333,2212.3867572621207,2212.8572856281226,1122.0
Southern Ocean,2227.1,2221.3143454702936,2221.0260589866884,2221.531285489512,1218.0
Southern Ocean,2244.9,2239.725046783473,2239.3896176667276,2239.9729632230565,1446.0
Southern Ocean,2253.6,2249.5513176672707,2249.240421230283,2249.7979805128084,1645.0
Southern Ocean,2256.4,2252.8044891744325,2252.5548686915117,2253.005614120172,1840.0
Southern Ocean,2255.4,2253.5206550938715,2253.3401462909915,2253.6617645665806,2057.0
Southern Ocean,2253.4,2252.980105623224,2252.8464089846375,2253.090047760477,2301.0
Southern Ocean,2254.3,2252.6939965253546,2252.5921293045058,2252.7839725375948,2546.0
Southern Ocean,2254.9,2253.199803117715,2253.1097092391615,2253.28611888296,2790.0
Southern Ocean,2257.6,2253.5261678552693,2253.4427656462467,2253.611264731507,3052.0
Southern Ocean,2258.3,2254.6458431645233,2254.573589477375,2254.7222355529098,3343.0
Southern Ocean,2261.2,2255.271214112582,2255.208305540297,2255.3406740476803,3670.0
Southern Ocean,2261.5,2256.02583069806,2255.965073457687,2256.0901645623817,4059.0
Southern Ocean,2262.8,2256.0126800199623,2255.9511180275085,2256.0760950609547,4373.0
Southern Ocean,2262.6,2255.9529270532475,2255.892504129227,2256.0157447131514,4837.0
Southern Ocean,2263.3,2255.6117339937846,2255.550565491803,2255.6741208141625,5142.0
Southern Ocean,2264.2,2255.3760822588047,2255.314447534427,2255.438170279804,5238.0
Southern Ocean,2262.6,2255.165570578104,2255.103269578446,2255.2271321626417,5361.0
Southern Ocean,2105.3,2091.5490764467063,2091.1732153485113,2091.810314204901,14.0
Southern Ocean,2130.9,2115.0703209791277,2114.8093671618626,2115.3292692769396,136.0
Southern Ocean,2135.2,2123.25689021682,2123.0363441691907,2123.488030434638,232.0
Southern Ocean,2139.9,2126.8615002026418,2126.658353262447,2127.0709519812845,460.0
Southern Ocean,2187.9,2184.8890976328944,2184.6629816993473,2185.082243669295,955.0
Southern Ocean,2222.2,2218.265071038721,2217.9845867805752,2218.479684667676,1249.0
Southern Ocean,2258.4,2254.0288575060563,2253.753477181483,2254.245095479476,1939.0
Southern Ocean,2253.9,2252.6547944563185,2252.5647859216315,2252.7410346862257,2872.0
Southern Ocean,2259.1,2255.5000692549565,2255.4376590967363,2255.5631093737384,4027.0
Southern Ocean,2260.8,2255.3318379427315,2255.270032398982,2255.3937454859984,5198.0
Southern Ocean,2097.6,2087.287000282262,2086.9971093011977,2087.526671241487,8.0
Southern Ocean,2129.5,2087.4439857487464,2087.1548284974137,2087.682705456659,50.0
Southern Ocean,2097.7,2087.830405871784,2087.5462915312696,2088.0692106142146,76.0
Southern Ocean,2099.9,2093.0336352815193,2092.797032022814,2093.245070450953,99.0
Southern Ocean,2108.3,2113.419961424743,2113.102632489867,2113.7726755691133,149.0
Southern Ocean,2132.7,2117.7499380364966,2117.4564088663637,2118.049641884407,200.0
Southern Ocean,2137.4,2121.4163055744184,2121.1924099746348,2121.643587800699,298.0
Southern Ocean,2138.4,2123.3524616381105,2123.147889914137,2123.562997048752,397.0
Southern Ocean,2143.4,2127.388570245509,2127.1867256443747,2127.590116993905,496.0
Southern Ocean,2147.1,2138.6185333734875,2138.4027016008063,2138.817011773158,594.0
Southern Ocean,2156.4,2149.501184416724,2149.283206767582,2149.6783650884236,694.0
Southern Ocean,2167.2,2160.5078219918987,2160.2841577529457,2160.7041363385088,791.0
Southern Ocean,2177.8,2172.1031727492714,2171.8742872076896,2172.2977798534143,892.0
Southern Ocean,2186.3,2184.2677651204203,2184.041229725651,2184.4584212342875,989.0
Southern Ocean,2211.0,2206.748058057685,2206.5134676418843,2206.9506109764893,1186.0
Southern Ocean,2234.0,2227.240535948922,2226.943027993861,2227.458507741811,1383.0
Southern Ocean,2245.8,2240.631228708606,2240.2936457330516,2240.8798467876354,1581.0
Southern Ocean,2263.9,2255.442193095575,2255.1297419180646,2255.6844481019543,1973.0
Southern Ocean,2261.5,2255.905075659464,2255.6804921466846,2256.081809178794,2220.0
Southern Ocean,2256.2,2254.394031374918,2254.2555207389923,2254.5112034600247,2465.0
Southern Ocean,2252.2,2252.6435197046053,2252.5447183703345,2252.7328603626743,2708.0
Southern Ocean,2255.5,2252.8195534086008,2252.7309095831706,2252.9058323301374,2952.0
Southern Ocean,2257.0,2253.6386954338213,2253.5607770242473,2253.7227324264504,3248.0
Southern Ocean,2259.3,2254.445101659413,2254.373546015926,2254.517281243194,3540.0
Southern Ocean,2258.9,2255.394999780956,2255.3323197398036,2255.4594919823658,3928.0
Southern Ocean,2262.3,2255.71055047444,2255.648857342249,2255.7723239555407,4320.0
Southern Ocean,2264.5,2255.327671608992,2255.265091719068,2255.388509580898,4707.0
Southern Ocean,2264.7,2255.396719444716,2255.334660910697,2255.457745668716,4900.0
Southern Ocean,2261.7,2254.9681668616167,2254.9044636898866,2255.03044564863,5093.0
Southern Ocean,2263.2,2254.895451395949,2254.8318039971027,2254.9583780385,5229.0
Southern Ocean,2094.0,2085.854355585503,2085.5676799736257,2086.105561104927,7.0
Southern Ocean,2118.2,2105.4230891351935,2105.142362164381,2105.696974339192,112.0
Southern Ocean,2131.3,2115.9281578198834,2115.6313641996267,2116.244180391366,261.0
Southern Ocean,2136.1,2123.50075988183,2123.2956040011422,2123.7125934116875,431.0
Southern Ocean,2148.3,2138.925919290817,2138.7113516015543,2139.1203866279857,729.0
Southern Ocean,2197.3,2195.1635233930892,2194.9361653213446,2195.3644635732476,1124.0
Southern Ocean,2229.5,2224.89457430108,2224.5976603774716,2225.1131655024706,1449.0
Southern Ocean,2255.1,2252.7487973323987,2252.6600520472584,2252.836083181212,3053.0
Southern Ocean,2261.7,2255.5077712323714,2255.4455298651314,2255.568556187788,4740.0
Southern Ocean,2262.1,2255.1034508073026,2255.040877579501,2255.1646844034344,5279.0
Southern Ocean,2089.4,2081.837231475415,2081.5343371973863,2082.112612236348,6.0
Southern Ocean,2089.7,2081.722909428629,2081.4169108601204,2081.999832091305,21.0
Southern Ocean,2090.0,2081.6456952800754,2081.339298824949,2081.923341972185,65.0
Southern Ocean,2089.6,2081.7712288360567,2081.466063034646,2082.047553927198,91.0
Southern Ocean,2116.9,2099.976515965739,2099.66735884293,2100.253230699978,133.0
Southern Ocean,2126.8,2111.9292847899433,2111.5743453239215,2112.3480373036487,184.0
Southern Ocean,2129.9,2115.509506716594,2115.1736033211537,2115.8776688755324,234.0
Southern Ocean,2132.0,2118.366577067321,2118.059974018379,2118.68782288336,283.0
Southern Ocean,2133.7,2121.0003894401825,2120.7688625085475,2121.2366278998647,381.0
Southern Ocean,2138.0,2125.5316199729036,2125.3150811090313,2125.752987536788,462.0
Southern Ocean,2138.8,2125.3726751627705,2125.1703646822493,2125.567056598787,561.0
Southern Ocean,2144.0,2132.1756363458367,2131.9665845362324,2132.3717651771785,658.0
Southern Ocean,2152.8,2144.5955508631077,2144.374555153966,2144.786798847078,758.0
Southern Ocean,2171.2,2170.1158000127884,2169.8885032134567,2170.3268690404097,955.0
Southern Ocean,2183.5,2177.956577017247,2177.7312416951745,2178.152136178735,1054.0
Southern Ocean,2193.4,2188.6532416512973,2188.429198503685,2188.8534717204006,1153.0
Southern Ocean,2204.8,2199.985455159404,2199.7633371666343,2200.1764731657345,1250.0
Southern Ocean,2215.4,2209.774267086436,2209.5274192397897,2209.982212458369,1350.0
Southern Ocean,2231.4,2227.665004076954,2227.363614288614,2227.8847389896446,1517.0
Southern Ocean,2257.4,2251.1831205902263,2250.8615380590604,2251.439297667974,1910.0
Southern Ocean,2257.2,2254.486864272769,2254.2308123509843,2254.6887162252187,2134.0
Southern Ocean,2254.0,2253.9267717622092,2253.7549902505807,2254.0595827963675,2381.0
Southern Ocean,2254.0,2252.992260499258,2252.868677298147,2253.0932446022716,2627.0
Southern Ocean,2252.3,2252.4575289752656,2252.3630939629875,2252.544976473441,2868.0
Southern Ocean,2255.7,2253.070007015347,2252.982780359665,2253.1568380453373,3149.0
Southern Ocean,2259.6,2254.357205459158,2254.2833708827366,2254.4348379044122,3505.0
Southern Ocean,2259.7,2255.2573569495044,2255.1936021501233,2255.3242935199587,3893.0
Southern Ocean,2262.9,2255.942272329086,2255.881302944671,2256.005294281163,4285.0
Southern Ocean,2261.6,2255.795307194117,2255.734236756557,2255.8573982608855,4672.0
Southern Ocean,2262.8,2255.410603300644,2255.3491201432153,2255.4728736730754,5190.0
Southern Ocean,2086.3,2079.867373520459,2079.5262104570015,2080.1608998641887,5.0
Southern Ocean,2124.3,2107.8671806596867,2107.4686110984794,2108.334014977261,148.0
Southern Ocean,2133.4,2119.2074501557454,2118.9358122573317,2119.4748712744995,347.0
Southern Ocean,2135.5,2122.495570214319,2122.293674760192,2122.6912904854103,593.0
Southern Ocean,2159.8,2151.9820266058755,2151.7585367913734,2152.1712008918316,891.0
Southern Ocean,2193.2,2190.001767531394,2189.777522608925,2190.2029509651675,1186.0
Southern Ocean,2246.8,2242.7122926175334,2242.373164292243,2242.963868749709,1777.0
Southern Ocean,2253.2,2252.4113753754277,2252.301227098634,2252.5061538077243,2708.0
Southern Ocean,2260.2,2255.7555415921624,2255.694381528139,2255.819014090151,4223.0
Southern Ocean,2260.3,2255.1276456072765,2255.0654355203224,2255.189592170616,5357.0
Southern Ocean,2097.1,2082.490568308482,2082.2196911172264,2082.751942690436,4.0
Southern Ocean,2091.3,2083.2041644969668,2082.9323292682097,2083.4582841859474,59.0
Southern Ocean,2099.2,2088.183668496974,2087.910082160099,2088.4294009256105,113.0
Southern Ocean,2123.2,2107.5529778303185,2107.1585717889434,2108.0095921192606,164.0
Southern Ocean,2122.7,2110.2744800954074,2109.9113761130097,2110.694557468591,214.0
Southern Ocean,2125.1,2109.4378063591107,2109.105785630723,2109.8200321533914,263.0
Southern Ocean,2129.8,2115.6131934268083,2115.3156970442064,2115.932308409776,362.0
Southern Ocean,2136.1,2122.7774589135106,2122.5211805489844,2123.039705553455,431.0
Southern Ocean,2136.9,2124.9747471638184,2124.7611576860213,2125.194805812295,530.0
Southern Ocean,2141.8,2128.528158653614,2128.3225263497234,2128.7347001117178,629.0
Southern Ocean,2148.8,2138.048163380086,2137.8300276220616,2138.249125818328,728.0
Southern Ocean,2158.3,2151.1171547791896,2150.8956957898226,2151.3171116837716,828.0
Southern Ocean,2171.2,2164.9076036736355,2164.6829216217866,2165.116185594003,926.0
Southern Ocean,2184.4,2179.79605185672,2179.56863078708,2179.9958261119027,1026.0
Southern Ocean,2198.7,2194.2194071499703,2193.9979060784412,2194.416618345589,1125.0
Southern Ocean,2211.3,2206.264167727031,2206.0298095911576,2206.4631631654747,1222.0
Southern Ocean,2219.8,2214.8953320423143,2214.6251245437297,2215.106682824804,1321.0
Southern Ocean,2230.7,2225.3235395553857,2225.0298423391805,2225.541438655892,1450.0
Southern Ocean,2234.6,2229.7386429438443,2229.440900948965,2229.956374373465,1547.0
Southern Ocean,2238.4,2234.9164720049594,2234.60466613516,2235.143260297895,1674.0
Southern Ocean,2249.5,2245.5118021823127,2245.2053228371255,2245.7398944844717,2058.0
Southern Ocean,2251.8,2250.0503708245824,2249.7811324805843,2250.2573976300437,2301.0
Southern Ocean,2268.3,2257.660370408385,2257.3554088824144,2257.8945932159363,2515.0
Southern Ocean,2256.7,2253.2700995316236,2253.134402990576,2253.3850359709827,2792.0
Southern Ocean,2252.0,2252.1052627235167,2252.0103172749878,2252.196089787572,3052.0
Southern Ocean,2257.3,2254.328080601572,2254.2556424481954,2254.404706642356,3660.0
Southern Ocean,2259.1,2255.051564551827,2254.9881927374104,2255.118737977125,4061.0
Southern Ocean,2260.8,2255.6835849708987,2255.6218355056444,2255.745706999891,4449.0
Southern Ocean,2263.7,2255.174031530003,2255.1116974894644,2255.235478176002,5226.0
Southern Ocean,2264.5,2255.136402830987,2255.0740441195244,2255.1979700145566,5294.0
Southern Ocean,2260.9,2254.9673523729016,2254.904510357092,2255.029733530621,5390.0
Southern Ocean,2090.3,2082.9124202102385,2082.6412884897686,2083.1669874899276,11.0
Southern Ocean,2109.8,2096.5392003965862,2096.2255842560357,2096.8213726473855,132.0
Southern Ocean,2121.6,2108.6421733630204,2108.307961735208,2109.0321696376245,282.0
Southern Ocean,2141.3,2129.637176710737,2129.398323136618,2129.8804283482436,559.0
Southern Ocean,2188.6,2186.9972827439656,2186.7702150735654,2187.2004884902203,1153.0
Southern Ocean,2227.6,2224.954200194702,2224.657521155986,2225.1730403216566,1516.0
Southern Ocean,2257.4,2253.8235084197067,2253.5446652225846,2254.0434096588715,2135.0
Southern Ocean,2252.5,2252.900734228613,2252.8098103779917,2252.989447693842,3150.0
Southern Ocean,2260.0,2255.606421783141,2255.54458240025,2255.6690492311486,4285.0
Southern Ocean,2260.9,2255.363239619424,2255.301712189475,2255.4256323208474,5275.0
Southern Ocean,2088.5,2080.1184895454358,2079.8253657269834,2080.3965500100308,4.0
Southern Ocean,2086.4,2080.0012881565735,2079.7069820945817,2080.2802488696816,49.0
Southern Ocean,2086.8,2080.2328293344153,2079.9421299240703,2080.5087959467737,100.0
Southern Ocean,2120.3,2104.4869625464075,2104.094021846582,2104.9319703194096,149.0
Southern Ocean,2121.0,2108.6768503567187,2108.2990853660413,2109.11302934075,198.0
Southern Ocean,2133.2,2122.059654953632,2121.680112292201,2122.442360927427,246.0
Southern Ocean,2127.6,2113.4186102134427,2113.115643679213,2113.7609790254605,297.0
Southern Ocean,2134.1,2121.631357538061,2121.3519330224403,2121.921743917586,371.0
Southern Ocean,2137.5,2123.9925926512224,2123.7629557937935,2124.233430664912,445.0
Southern Ocean,2136.8,2125.2712166311785,2125.05993532177,2125.4830539243644,545.0
Southern Ocean,2144.1,2135.9231701329245,2135.6940741637395,2136.136498087468,693.0
Southern Ocean,2152.4,2146.4571835587967,2146.2294526750397,2146.66165881767,791.0
Southern Ocean,2160.2,2157.7593442377224,2157.534673155939,2157.958448990483,891.0
Southern Ocean,2172.8,2173.0553515220827,2172.824832882478,2173.2626534588717,989.0
Southern Ocean,2187.2,2184.780439413695,2184.553631866644,2184.9735944100535,1088.0
Southern Ocean,2200.5,2197.3823726818664,2197.160222758523,2197.5739272483593,1186.0
Southern Ocean,2219.4,2216.3947155353967,2216.120125947464,2216.6057513109104,1384.0
Southern Ocean,2237.5,2234.010712776861,2233.699419774133,2234.239521950685,1581.0
Southern Ocean,2251.1,2246.4076228687695,2246.0761728360108,2246.6616018144723,1777.0
Southern Ocean,2255.8,2251.8570969072694,2251.5685520732623,2252.0881668474126,1975.0
Southern Ocean,2255.6,2253.843439459892,2253.630518260423,2254.011287914106,2220.0
Southern Ocean,2255.9,2253.9474858777694,2253.797612840962,2254.0677006546466,2465.0
Southern Ocean,2251.3,2252.4110345494514,2252.3087858943395,2252.503113753921,2710.0
Southern Ocean,2253.9,2252.650723889353,2252.560887051776,2252.737089883689,2956.0
